"file","top","extension","bytes","lines","active","client","imports","localImports","exports","storage","flags"
".cursor/rules/draft-auto-save.mdc",".cursor",".mdc","1476","0","true","false","0","0","","",""
".cursor/rules/git-push-after-update.mdc",".cursor",".mdc","606","0","true","false","0","0","","",""
".cursor/rules/neon-postgres-source-of-truth.mdc",".cursor",".mdc","1095","0","true","false","0","0","","",""
".cursor/rules/required-fields-styling.mdc",".cursor",".mdc","1789","0","true","false","0","0","","",""
".cursor/rules/session-context.mdc",".cursor",".mdc","1868","0","true","false","0","0","","",""
".cursor/rules/technical-engineering-crm.mdc",".cursor",".mdc","7097","0","true","false","0","0","","",""
".env.example","(root)",".example","2222","52","true","false","0","0","","",""
".github/workflows/e2e-api.yml",".github",".yml","1959","69","true","false","0","0","","",""
".github/workflows/migrate-serials-bhd.yml",".github",".yml","913","35","true","false","0","0","","",""
".gitignore","(root)","(none)","1290","0","true","false","0","0","","",""
"AFTER_FIX_GUIDE.md","(root)",".md","7245","247","true","false","2","2","","Prisma","console.log"
"AUDIT-REPORT.md","(root)",".md","7872","114","true","false","1","0","","Prisma","console.log;console.error"
"CHANGELOG_SECURITY_PERFORMANCE.md","(root)",".md","19263","595","true","false","7","5","getProperties","Prisma;localStorage",""
"CHECK.md","(root)",".md","1761","59","true","false","0","0","","",""
"DEPLOYMENT.md","(root)",".md","6331","108","true","false","0","0","","",""
"NEXT_STEPS.md","(root)",".md","2427","73","true","false","0","0","","",""
"QUICK_START.md","(root)",".md","1448","49","true","false","0","0","","",""
"README.md","(root)",".md","7216","234","true","false","6","6","","localStorage",""
"SECURITY_AUDIT_REPORT.md","(root)",".md","7977","248","true","false","0","0","","",""
"TEST.md","(root)",".md","789","28","true","false","0","0","","",""
"app/[locale]/about/page.tsx","app",".tsx","120","6","true","false","1","1","About","",""
"app/[locale]/admin/AdminLayoutInner.tsx","app",".tsx","36699","762","true","true","20","13","AdminLayoutInner","localStorage;sessionStorage",""
"app/[locale]/admin/AdminLayoutWrapper.tsx","app",".tsx","1773","45","true","true","4","3","AdminLayoutWrapper","",""
"app/[locale]/admin/accounting/AdminAccountingClient.tsx","app",".tsx","3407","72","true","true","8","5","AdminAccountingClient","",""
"app/[locale]/admin/accounting/accounting.module.css","app",".css","6830","312","true","false","0","0","","",""
"app/[locale]/admin/accounting/accounts/page.tsx","app",".tsx","349","10","true","false","1","0","AccountsRedirectPage","",""
"app/[locale]/admin/accounting/journal/page.tsx","app",".tsx","346","10","true","false","1","0","JournalRedirectPage","",""
"app/[locale]/admin/accounting/page.tsx","app",".tsx","1510","42","true","false","3","3","dynamic;revalidate;AdminAccountingPage","","force-dynamic;console.error"
"app/[locale]/admin/accounting/reports/page.tsx","app",".tsx","346","10","true","false","1","0","ReportsRedirectPage","",""
"app/[locale]/admin/address-book/loading.tsx","app",".tsx","388","12","true","false","0","0","LoadingAddressBookPage","",""
"app/[locale]/admin/address-book/page.tsx","app",".tsx","160253","2660","true","true","26","21","AdminAddressBookPage","sessionStorage","document.write;no-store;Math.random"
"app/[locale]/admin/admin.css","app",".css","50659","1849","true","false","0","0","","",""
"app/[locale]/admin/analytics/loading.tsx","app",".tsx","208","8","true","false","0","0","AnalyticsLoading","",""
"app/[locale]/admin/analytics/page.tsx","app",".tsx","1134","31","true","true","3","1","AnalyticsPage","",""
"app/[locale]/admin/backup/page.tsx","app",".tsx","1125","31","true","true","3","1","BackupPage","",""
"app/[locale]/admin/bank-details/page.tsx","app",".tsx","23830","551","true","true","8","5","AdminBankDetailsPage","",""
"app/[locale]/admin/bookings/loading.tsx","app",".tsx","319","11","true","false","0","0","LoadingBookingsPage","",""
"app/[locale]/admin/bookings/page.tsx","app",".tsx","108399","1662","true","true","21","18","AdminBookingsPage","",""
"app/[locale]/admin/company-data/page.tsx","app",".tsx","15296","351","true","true","6","2","AdminCompanyDataPage","",""
"app/[locale]/admin/contact-category-permissions/page.tsx","app",".tsx","6686","166","true","true","6","3","ContactCategoryPermissionsPage","",""
"app/[locale]/admin/contact/loading.tsx","app",".tsx","211","8","true","false","0","0","ContactAdminLoading","",""
"app/[locale]/admin/contact/page.tsx","app",".tsx","8977","187","true","true","9","6","ContactAdminPage","","no-store"
"app/[locale]/admin/contract-review/page.tsx","app",".tsx","90234","1625","true","true","10","6","ContractReviewPage","",""
"app/[locale]/admin/contracts/[id]/page.tsx","app",".tsx","246817","4013","true","true","21","17","ContractDetailPage","localStorage","no-store"
"app/[locale]/admin/contracts/loading.tsx","app",".tsx","320","11","true","false","0","0","LoadingContractsPage","",""
"app/[locale]/admin/contracts/page.tsx","app",".tsx","29881","586","true","true","14","10","AdminContractsPage","",""
"app/[locale]/admin/dashboard-settings/page.tsx","app",".tsx","15520","340","true","true","9","5","DashboardSettingsPage","",""
"app/[locale]/admin/data/page.tsx","app",".tsx","63973","1300","true","true","5","2","AdminDataPage","localStorage;sessionStorage;AppSetting","no-store"
"app/[locale]/admin/document-templates/loading.tsx","app",".tsx","216","8","true","false","0","0","DocumentTemplatesLoading","",""
"app/[locale]/admin/document-templates/page.tsx","app",".tsx","6662","143","true","true","7","5","DocumentTemplatesPage","",""
"app/[locale]/admin/drafts/page.tsx","app",".tsx","4582","123","true","true","6","3","AdminDraftsPage","",""
"app/[locale]/admin/layout.tsx","app",".tsx","802","21","true","true","5","5","AdminLayout","",""
"app/[locale]/admin/loading.tsx","app",".tsx","445","11","true","true","0","0","AdminLoading","",""
"app/[locale]/admin/maintenance/loading.tsx","app",".tsx","210","8","true","false","0","0","MaintenanceLoading","",""
"app/[locale]/admin/maintenance/page.tsx","app",".tsx","8974","206","true","true","6","4","AdminMaintenancePage","","no-store"
"app/[locale]/admin/migrate-serials/loading.tsx","app",".tsx","135","6","true","false","0","0","Loading","",""
"app/[locale]/admin/migrate-serials/page.tsx","app",".tsx","5931","150","true","true","4","1","AdminMigrateSerialsPage","","no-store"
"app/[locale]/admin/my-account/page.tsx","app",".tsx","71597","1208","true","true","19","14","MyAccountPage","","no-store"
"app/[locale]/admin/my-bookings/page.tsx","app",".tsx","36672","602","true","true","16","11","MyBookingsPage","localStorage","no-store"
"app/[locale]/admin/my-contacts/loading.tsx","app",".tsx","284","9","true","false","0","0","MyContactsLoading","",""
"app/[locale]/admin/my-contacts/page.tsx","app",".tsx","5521","138","true","true","8","3","MyContactsPage","","no-store"
"app/[locale]/admin/my-contracts/page.tsx","app",".tsx","7254","175","true","true","8","4","MyContractsPage","",""
"app/[locale]/admin/my-invoices/page.tsx","app",".tsx","2111","60","true","true","6","2","MyInvoicesPage","",""
"app/[locale]/admin/my-maintenance/loading.tsx","app",".tsx","222","9","true","false","0","0","Loading","",""
"app/[locale]/admin/my-maintenance/page.tsx","app",".tsx","10866","268","true","true","10","5","MyMaintenancePage","","no-store"
"app/[locale]/admin/my-properties/page.tsx","app",".tsx","5410","133","true","true","9","4","MyPropertiesPage","",""
"app/[locale]/admin/my-receipts/page.tsx","app",".tsx","1957","57","true","true","6","2","MyReceiptsPage","",""
"app/[locale]/admin/notifications/loading.tsx","app",".tsx","287","9","true","false","0","0","NotificationsLoading","",""
"app/[locale]/admin/notifications/page.tsx","app",".tsx","7119","209","true","true","6","2","NotificationsPage","","no-store"
"app/[locale]/admin/page.tsx","app",".tsx","2591","69","true","true","6","3","AdminDashboardPage","localStorage;sessionStorage",""
"app/[locale]/admin/projects/new/page.tsx","app",".tsx","8751","228","true","true","5","2","AddProjectPage","",""
"app/[locale]/admin/projects/page.tsx","app",".tsx","7322","185","true","true","5","2","ProjectsAdminPage","","no-store"
"app/[locale]/admin/properties/[id]/bookings/page.tsx","app",".tsx","44086","682","true","true","11","8","PropertyBookingsPage","",""
"app/[locale]/admin/properties/[id]/bookings/terms/page.tsx","app",".tsx","43058","592","true","true","5","2","BookingTermsPage","",""
"app/[locale]/admin/properties/[id]/extra-data/page.tsx","app",".tsx","5302","112","true","true","6","3","PropertyExtraDataPage","",""
"app/[locale]/admin/properties/[id]/page.tsx","app",".tsx","7006","144","true","true","5","3","EditPropertyPage","",""
"app/[locale]/admin/properties/loading.tsx","app",".tsx","321","11","true","false","0","0","LoadingPropertiesPage","",""
"app/[locale]/admin/properties/new/page.tsx","app",".tsx","5809","108","true","true","3","2","AddPropertyPage","",""
"app/[locale]/admin/properties/page.tsx","app",".tsx","36923","633","true","true","9","5","PropertiesAdminPage","","no-store"
"app/[locale]/admin/real-estate-contracts/page.tsx","app",".tsx","3403","89","true","true","7","4","RealEstateContractsPage","",""
"app/[locale]/admin/real-estate-dashboard/RealEstateDashboardClient.tsx","app",".tsx","5289","134","true","true","12","8","RealEstateDashboardClient","","no-store"
"app/[locale]/admin/real-estate-dashboard/page.tsx","app",".tsx","169","6","true","false","1","1","RealEstateDashboardPage","",""
"app/[locale]/admin/real-estate-reservations/page.tsx","app",".tsx","3422","89","true","true","7","4","RealEstateReservationsPage","",""
"app/[locale]/admin/real-estate-system/page.tsx","app",".tsx","4340","96","true","true","7","4","RealEstateSystemPage","",""
"app/[locale]/admin/reports/loading.tsx","app",".tsx","206","8","true","false","0","0","ReportsLoading","",""
"app/[locale]/admin/reports/page.tsx","app",".tsx","1132","31","true","true","3","1","ReportsPage","",""
"app/[locale]/admin/security/page.tsx","app",".tsx","1373","35","true","true","5","3","SecurityPage","",""
"app/[locale]/admin/serial-history/page.tsx","app",".tsx","2974","80","true","true","3","2","SerialHistoryAdminPage","",""
"app/[locale]/admin/services/loading.tsx","app",".tsx","276","9","true","false","0","0","ServicesLoading","",""
"app/[locale]/admin/services/page.tsx","app",".tsx","10028","211","true","true","7","5","ServicesAdminPage","","no-store"
"app/[locale]/admin/site/loading.tsx","app",".tsx","208","8","true","false","0","0","SiteAdminLoading","",""
"app/[locale]/admin/site/page.tsx","app",".tsx","31678","665","true","true","7","5","SiteContentPage","",""
"app/[locale]/admin/submissions/loading.tsx","app",".tsx","210","8","true","false","0","0","SubmissionsLoading","",""
"app/[locale]/admin/submissions/page.tsx","app",".tsx","7943","175","true","true","3","1","SubmissionsAdminPage","","no-store"
"app/[locale]/admin/subscriptions/page.tsx","app",".tsx","55741","1005","true","true","6","2","AdminSubscriptionsPage","","console.error"
"app/[locale]/admin/users/[id]/page.tsx","app",".tsx","42708","858","true","true","12","8","UserDetailPage","localStorage","no-store;console.log"
"app/[locale]/admin/users/page.tsx","app",".tsx","44463","932","true","true","10","6","UsersAdminPage","","no-store"
"app/[locale]/auth/impersonate/page.tsx","app",".tsx","2619","71","true","true","4","0","ImpersonatePage","",""
"app/[locale]/contact/page.tsx","app",".tsx","130","6","true","false","1","1","Contact","",""
"app/[locale]/error.tsx","app",".tsx","803","23","true","true","1","0","LocaleErrorBoundary","","console.error"
"app/[locale]/forgot-password/page.tsx","app",".tsx","4635","100","true","true","3","0","ForgotPasswordPage","",""
"app/[locale]/globals.css","app",".css","16197","655","true","false","1","0","","",""
"app/[locale]/head.tsx","app",".tsx","393","11","true","false","0","0","Head","",""
"app/[locale]/impersonate/page.tsx","app",".tsx","2610","80","true","true","4","0","ImpersonatePage","",""
"app/[locale]/layout.tsx","app",".tsx","2771","84","true","false","16","11","viewport;metadata;generateStaticParams;RootLayout","",""
"app/[locale]/loading.tsx","app",".tsx","390","11","true","false","0","0","LocaleLoading","",""
"app/[locale]/login/page.tsx","app",".tsx","25680","579","true","true","11","0","LoginPage","localStorage","no-store;console.log;console.error"
"app/[locale]/not-found.tsx","app",".tsx","520","14","true","false","0","0","NotFound","",""
"app/[locale]/page.tsx","app",".tsx","725","24","true","false","8","8","HomePage","",""
"app/[locale]/payment/cancel/page.tsx","app",".tsx","1253","33","true","true","2","0","PaymentCancelPage","",""
"app/[locale]/payment/success/loading.tsx","app",".tsx","211","8","true","false","0","0","PaymentSuccessLoading","",""
"app/[locale]/payment/success/page.tsx","app",".tsx","3826","109","true","true","3","0","PaymentSuccessPage","","no-store"
"app/[locale]/portal/loading.tsx","app",".tsx","245","8","true","false","0","0","PortalLoading","",""
"app/[locale]/portal/owner/page.tsx","app",".tsx","315","14","true","false","1","0","OwnerPortalPage","",""
"app/[locale]/portal/owner/v2/page.tsx","app",".tsx","3269","107","true","false","6","4","metadata;OwnerPortalV2Page","Prisma",""
"app/[locale]/portal/tenant/page.tsx","app",".tsx","321","14","true","false","1","0","TenantPortalPage","",""
"app/[locale]/portal/tenant/payment/cancel/page.tsx","app",".tsx","2021","50","true","false","1","0","PaymentCancelPage","",""
"app/[locale]/portal/tenant/payment/success/page.tsx","app",".tsx","4300","116","true","false","3","2","PaymentSuccessPage","","console.error"
"app/[locale]/portal/tenant/v2/page.tsx","app",".tsx","2096","68","true","false","6","4","metadata;TenantPortalV2Page","Prisma",""
"app/[locale]/projects/[id]/page.tsx","app",".tsx","567","21","true","false","3","2","ProjectDetailPage","",""
"app/[locale]/projects/layout.tsx","app",".tsx","575","23","true","false","3","1","ProjectsLayout","",""
"app/[locale]/projects/page.tsx","app",".tsx","185","7","true","false","2","1","ProjectsPage","",""
"app/[locale]/properties/[id]/book/page.tsx","app",".tsx","103875","1499","true","true","16","11","PropertyBookPage","","dangerouslySetInnerHTML;Math.random"
"app/[locale]/properties/[id]/contract-terms/page.tsx","app",".tsx","215808","3182","true","true","21","18","ContractTermsPage","","Math.random"
"app/[locale]/properties/[id]/page.tsx","app",".tsx","3318","82","true","false","6","4","generateStaticParams;dynamicParams;dynamic;PropertyDetailPage","","force-dynamic"
"app/[locale]/properties/[id]/receipt/page.tsx","app",".tsx","6022","142","true","true","8","5","PropertyReceiptPage","","no-store"
"app/[locale]/properties/[id]/upload-documents/page.tsx","app",".tsx","25947","486","true","true","9","5","UploadDocumentsPage","","no-store"
"app/[locale]/properties/[id]/viewing/page.tsx","app",".tsx","8081","139","true","true","6","3","PropertyViewingPage","",""
"app/[locale]/properties/page.tsx","app",".tsx","373","9","true","false","2","1","PropertiesPage","",""
"app/[locale]/register/page.tsx","app",".tsx","13076","285","true","true","10","2","RegisterPage","",""
"app/[locale]/scan/[userId]/page.tsx","app",".tsx","20400","428","true","true","4","1","ScanUserPage","","no-store"
"app/[locale]/scan/contact/[contactId]/page.tsx","app",".tsx","8070","201","true","true","4","1","ScanContactPage","","no-store"
"app/[locale]/scan/property/[id]/page.tsx","app",".tsx","8831","194","true","true","2","0","ScanPropertyPage","",""
"app/[locale]/services/page.tsx","app",".tsx","135","6","true","false","1","1","Services","",""
"app/[locale]/sign/[token]/page.tsx","app",".tsx","25112","678","true","true","4","1","SignPage","","no-store"
"app/[locale]/subscriptions/page.tsx","app",".tsx","20851","429","true","true","10","5","SubscriptionsPage","",""
"app/[locale]/test/page.tsx","app",".tsx","316","9","true","false","0","0","TestPage","",""
"app/api/accounting/accounts/route.ts","app",".ts","3629","85","true","false","6","5","GET;POST","Prisma","console.error"
"app/api/accounting/ai/scan-invoice/route.ts","app",".ts","1762","47","true","false","4","3","POST","","console.error"
"app/api/accounting/ai/suggest-entry/route.ts","app",".ts","1647","41","true","false","5","4","POST","","console.error"
"app/api/accounting/audit/route.ts","app",".ts","1695","51","true","false","4","3","GET","Prisma","console.error"
"app/api/accounting/bank-reconciliation/route.ts","app",".ts","2651","61","true","false","4","3","GET;POST","","console.error"
"app/api/accounting/data/route.ts","app",".ts","2872","83","true","false","2","1","GET","","console.error"
"app/api/accounting/documents/[id]/approve/route.ts","app",".ts","1578","44","true","false","4","3","POST","","console.error"
"app/api/accounting/documents/[id]/cancel/route.ts","app",".ts","942","26","true","false","3","2","POST","","console.error"
"app/api/accounting/documents/[id]/route.ts","app",".ts","2561","68","true","false","3","2","runtime;dynamic;GET;PATCH","","force-dynamic;console.error"
"app/api/accounting/documents/route.ts","app",".ts","3748","98","true","false","5","4","GET;POST","","console.error"
"app/api/accounting/forecast/route.ts","app",".ts","5426","139","true","false","3","2","GET","","console.error"
"app/api/accounting/journal/[id]/approve/route.ts","app",".ts","939","26","true","false","3","2","POST","","console.error"
"app/api/accounting/journal/[id]/cancel/route.ts","app",".ts","937","26","true","false","3","2","POST","","console.error"
"app/api/accounting/journal/route.ts","app",".ts","2781","71","true","false","4","3","GET;POST","","console.error"
"app/api/accounting/periods/route.ts","app",".ts","1929","53","true","false","4","3","GET;POST","","console.error"
"app/api/accounting/reports/route.ts","app",".ts","9096","224","true","false","3","2","GET","","console.error"
"app/api/accounting/reports/vat-export/route.ts","app",".ts","2528","70","true","false","5","4","GET","AppSetting","console.error"
"app/api/accounting/sync-bookings/route.ts","app",".ts","981","24","true","false","3","2","POST","","console.error"
"app/api/address-book/bulk/route.ts","app",".ts","2688","70","true","false","4","3","POST","Prisma","console.error"
"app/api/address-book/route.ts","app",".ts","11267","268","true","false","12","9","dynamic;GET;POST","Prisma","force-dynamic;console.error"
"app/api/admin/address-book/bulk-ensure-from-users/route.ts","app",".ts","1920","61","true","false","4","3","POST","Prisma;localStorage","console.error"
"app/api/admin/address-book/import-csv/route.ts","app",".ts","1198","29","true","false","3","2","dynamic;maxDuration;POST","","force-dynamic;console.error"
"app/api/admin/address-book/merge-duplicates/route.ts","app",".ts","1545","40","true","false","3","2","dynamic;maxDuration;GET;POST","","force-dynamic;console.error"
"app/api/admin/address-book/sync-from-bookings/route.ts","app",".ts","982","23","true","false","3","2","dynamic;maxDuration;POST","","force-dynamic;console.error"
"app/api/admin/contact-submissions/[id]/route.ts","app",".ts","1298","37","true","false","3","2","runtime;dynamic;PATCH","Prisma","force-dynamic;console.error"
"app/api/admin/contact-submissions/route.ts","app",".ts","2206","62","true","false","5","4","runtime;dynamic;GET","Prisma","force-dynamic;console.error"
"app/api/admin/dashboard-insights/route.ts","app",".ts","6661","166","true","false","7","6","dynamic;GET","Prisma","force-dynamic;console.error"
"app/api/admin/data/backup/route.ts","app",".ts","2279","72","true","false","6","4","maxDuration;dynamic;POST","","force-dynamic;console.error"
"app/api/admin/data/change-pin/route.ts","app",".ts","1859","64","true","false","4","2","dynamic;POST","","force-dynamic;console.error"
"app/api/admin/data/pin-status/route.ts","app",".ts","1948","53","true","false","4","2","dynamic;GET","","force-dynamic;console.error"
"app/api/admin/data/reset/route.ts","app",".ts","2221","76","true","false","6","4","maxDuration;dynamic;POST","","force-dynamic;console.error"
"app/api/admin/data/restore/route.ts","app",".ts","2847","87","true","false","6","4","maxDuration;dynamic;POST","","force-dynamic;console.error"
"app/api/admin/impersonate-session/route.ts","app",".ts","1992","62","true","false","4","2","runtime;POST","Prisma","console.error"
"app/api/admin/legacy-booking-settings/route.ts","app",".ts","3138","83","true","false","3","2","dynamic;maxDuration;GET;POST","AppSetting","force-dynamic;console.error"
"app/api/admin/legacy-bridge/address-book/contact/[contactId]/route.ts","app",".ts","1386","38","true","false","4","3","dynamic;GET","","force-dynamic;console.error"
"app/api/admin/legacy-bridge/address-book/files/[id]/route.ts","app",".ts","1800","50","true","false","4","3","dynamic;GET","Prisma","force-dynamic;console.error"
"app/api/admin/legacy-bridge/address-book/print/route.ts","app",".ts","2279","61","true","false","8","7","dynamic;GET","Prisma","force-dynamic;console.error"
"app/api/admin/legacy-bridge/address-book/sync/route.ts","app",".ts","1991","53","true","false","4","3","dynamic;POST","","force-dynamic;console.error"
"app/api/admin/legacy-bridge/address-book/upload/route.ts","app",".ts","2207","60","true","false","4","3","dynamic;POST","","force-dynamic;console.error"
"app/api/admin/legacy-bridge/address-book/wipe/route.ts","app",".ts","2163","55","true","false","4","3","dynamic;POST","","force-dynamic;console.error"
"app/api/admin/legacy-bridge/bootstrap/route.ts","app",".ts","1366","39","true","false","4","3","dynamic;GET","","force-dynamic;console.error"
"app/api/admin/legacy-bridge/contract-statuses/route.ts","app",".ts","1649","45","true","false","4","3","dynamic;GET","","force-dynamic;console.error"
"app/api/admin/legacy-bridge/data-health/route.ts","app",".ts","3469","106","true","false","5","4","dynamic;GET","Prisma;LegacyKv","force-dynamic;console.error"
"app/api/admin/legacy-bridge/files/[id]/route.ts","app",".ts","2121","63","true","false","4","3","dynamic;GET","Prisma","force-dynamic;console.error"
"app/api/admin/legacy-bridge/files/upload/route.ts","app",".ts","2492","75","true","false","4","3","dynamic;POST","","force-dynamic;console.error"
"app/api/admin/legacy-bridge/kv/bulk/route.ts","app",".ts","1556","41","true","false","4","3","dynamic;POST","LegacyKv","force-dynamic;console.error"
"app/api/admin/legacy-bridge/kv/clear-keys/route.ts","app",".ts","1216","33","true","false","5","4","dynamic;POST","LegacyKv","force-dynamic;console.error"
"app/api/admin/legacy-bridge/kv/extract-blobs/route.ts","app",".ts","1811","51","true","false","5","4","dynamic;POST","Prisma;LegacyKv","force-dynamic;console.error"
"app/api/admin/legacy-bridge/kv/route.ts","app",".ts","1472","41","true","false","4","3","dynamic;GET","LegacyKv","force-dynamic;console.error"
"app/api/admin/legacy-bridge/kv/wipe-all-except/route.ts","app",".ts","1298","33","true","false","5","4","dynamic;POST","LegacyKv","force-dynamic;console.error"
"app/api/admin/legacy-bridge/operational-repair/route.ts","app",".ts","2873","84","true","false","4","3","dynamic;GET;POST","","force-dynamic;console.error"
"app/api/admin/legacy-real-estate/[[...path]]/route.ts","app",".ts","6709","179","true","false","5","4","dynamic;GET","","force-dynamic;console.error"
"app/api/admin/maintenance-requests/[id]/route.ts","app",".ts","2529","68","true","false","5","3","runtime;dynamic;PATCH","Prisma","force-dynamic;console.error"
"app/api/admin/maintenance-requests/route.ts","app",".ts","3986","110","true","false","5","3","runtime;dynamic;GET;POST","Prisma","force-dynamic;console.error"
"app/api/admin/migrate-serials-bhd/route.ts","app",".ts","1788","50","true","false","3","2","dynamic;maxDuration;POST","","force-dynamic;console.error"
"app/api/admin/payment-gateway/route.ts","app",".ts","4006","102","true","false","6","5","dynamic;GET","Prisma","force-dynamic"
"app/api/admin/plans/route.ts","app",".ts","5287","125","true","false","6","3","runtime;dynamic;revalidate;GET","Prisma","force-dynamic;console.error"
"app/api/admin/production-readiness/route.ts","app",".ts","2190","64","true","false","5","4","dynamic;GET","Prisma","force-dynamic;console.error"
"app/api/admin/projects/route.ts","app",".ts","5018","133","true","false","7","5","GET;POST","Prisma","console.error"
"app/api/admin/properties/[id]/route.ts","app",".ts","2978","86","true","false","5","3","runtime;PATCH","Prisma","console.error"
"app/api/admin/properties/route.ts","app",".ts","4395","109","true","false","6","5","runtime;GET","Prisma","console.error"
"app/api/admin/real-estate-dashboard/calendar/route.ts","app",".ts","1877","57","true","false","5","4","dynamic;GET","LegacyKv","force-dynamic;console.error"
"app/api/admin/real-estate-dashboard/contracts/route.ts","app",".ts","1512","49","true","false","5","4","dynamic;GET","LegacyKv","force-dynamic;console.error"
"app/api/admin/real-estate-dashboard/reservations/route.ts","app",".ts","1560","48","true","false","5","4","dynamic;GET","LegacyKv","force-dynamic;console.error"
"app/api/admin/real-estate-dashboard/summary/route.ts","app",".ts","1476","45","true","false","6","5","dynamic;GET","LegacyKv","force-dynamic;console.error"
"app/api/admin/real-estate-dashboard/unit-contract/route.ts","app",".ts","6247","194","true","false","9","8","dynamic;GET;POST","LegacyKv","force-dynamic;console.error"
"app/api/admin/real-estate-dashboard/unit-detail/route.ts","app",".ts","1990","57","true","false","6","5","dynamic;GET","LegacyKv","force-dynamic;console.error"
"app/api/admin/real-estate-dashboard/units/route.ts","app",".ts","1471","48","true","false","5","4","dynamic;GET","LegacyKv","force-dynamic;console.error"
"app/api/admin/restore-session/route.ts","app",".ts","2613","76","true","false","5","3","runtime;GET","Prisma",""
"app/api/admin/return-token/route.ts","app",".ts","1265","32","true","false","4","2","runtime;GET","","console.error"
"app/api/admin/security/audit/route.ts","app",".ts","1284","46","true","false","3","2","runtime;dynamic;GET","Prisma","force-dynamic"
"app/api/admin/security/posture/route.ts","app",".ts","2111","51","true","false","4","3","runtime;dynamic;GET","","force-dynamic"
"app/api/admin/security/totp/route.ts","app",".ts","2456","67","true","false","3","2","runtime;GET;POST","",""
"app/api/admin/users/[id]/ensure-address-book/route.ts","app",".ts","3245","86","true","false","6","5","POST","Prisma","console.error"
"app/api/admin/users/[id]/impersonate/route.ts","app",".ts","1497","38","true","false","5","3","POST","Prisma","console.error"
"app/api/admin/users/[id]/linked-contact/route.ts","app",".ts","2782","75","true","false","6","5","GET","Prisma","console.error"
"app/api/admin/users/[id]/reset-password/route.ts","app",".ts","1530","47","true","false","5","2","POST","Prisma","console.error;Math.random"
"app/api/admin/users/[id]/route.ts","app",".ts","6436","181","true","false","9","5","GET;PATCH","Prisma","console.error"
"app/api/admin/users/create-from-contact/route.ts","app",".ts","3970","119","true","false","9","6","POST","Prisma","console.error;Math.random"
"app/api/admin/users/fix-serial/route.ts","app",".ts","3926","111","true","false","4","3","POST","Prisma","console.error"
"app/api/admin/users/route.ts","app",".ts","8991","265","true","false","3","2","GET","Prisma","console.error"
"app/api/archive/restore/route.ts","app",".ts","1650","40","true","false","4","2","GET;POST","",""
"app/api/archive/route.ts","app",".ts","2034","48","true","false","4","2","GET;POST","",""
"app/api/archive/search/route.ts","app",".ts","2090","46","true","false","4","2","GET;POST","",""
"app/api/audit/log/route.ts","app",".ts","1259","40","true","false","4","2","POST","","console.error"
"app/api/auth/[...nextauth]/route.ts","app",".ts","167","7","true","false","2","1","","",""
"app/api/auth/admin-entry/route.ts","app",".ts","847","25","true","false","1","0","runtime;GET","",""
"app/api/auth/bhd/callback/route.ts","app",".ts","2962","88","true","false","4","3","runtime;GET","","console.error"
"app/api/auth/bhd/logout/route.ts","app",".ts","1031","23","true","false","3","2","runtime;GET","",""
"app/api/auth/bhd/start/route.ts","app",".ts","1861","52","true","false","2","1","runtime;GET","",""
"app/api/auth/me/route.ts","app",".ts","2025","52","true","false","5","3","runtime;dynamic;GET","","force-dynamic"
"app/api/auth/register/route.ts","app",".ts","3024","98","true","false","10","7","POST","Prisma","console.error"
"app/api/auth/set-impersonate/route.ts","app",".ts","1341","35","true","false","1","0","runtime;GET","",""
"app/api/bookings/[id]/confirm-receipt/route.ts","app",".ts","3081","87","true","false","6","4","POST","Prisma","console.error"
"app/api/bookings/payment/complete/route.ts","app",".ts","1027","29","true","false","3","2","GET","","console.error"
"app/api/bookings/payment/initiate/route.ts","app",".ts","2285","60","true","false","4","3","POST","","console.error"
"app/api/bookings/pending-confirmation/route.ts","app",".ts","2111","65","true","false","5","3","GET","Prisma","console.error"
"app/api/bookings/public-contract-access/route.ts","app",".ts","5319","132","true","false","7","6","GET;PATCH","","console.error"
"app/api/bookings/public-receipt/route.ts","app",".ts","1120","30","true","false","2","1","GET","","console.error"
"app/api/bookings/public-upload-access/route.ts","app",".ts","3751","103","true","false","3","2","GET;PATCH","","console.error"
"app/api/bookings/route.ts","app",".ts","8105","209","true","false","13","12","GET;POST","Prisma","console.error"
"app/api/check-db/route.ts","app",".ts","918","32","true","false","3","2","runtime;GET","Prisma",""
"app/api/check-env/route.ts","app",".ts","2598","53","true","false","3","2","runtime;GET","",""
"app/api/contact-submissions/route.ts","app",".ts","2326","62","true","false","5","3","runtime;dynamic;POST","Prisma","force-dynamic;console.error"
"app/api/contracts/[id]/route.ts","app",".ts","5677","141","true","false","6","5","GET;PATCH","Prisma","console.error"
"app/api/contracts/route.ts","app",".ts","5152","132","true","false","9","8","GET;POST","Prisma","console.error"
"app/api/cron/auto-archive/route.ts","app",".ts","762","19","true","false","4","3","GET","",""
"app/api/cron/legacy-operational-repair/route.ts","app",".ts","1431","38","true","false","4","3","dynamic;GET","","force-dynamic;console.error"
"app/api/debug-auth/route.ts","app",".ts","1680","52","true","false","3","1","GET","Prisma",""
"app/api/health/route.ts","app",".ts","312","13","true","false","1","0","runtime;GET","",""
"app/api/kv/bulk/route.ts","app",".ts","69","2","true","false","0","0","","",""
"app/api/kv/clear-keys/route.ts","app",".ts","75","2","true","false","0","0","","",""
"app/api/kv/route.ts","app",".ts","1283","37","true","false","3","2","runtime;dynamic;GET","LegacyKv","force-dynamic;console.error"
"app/api/kv/wipe-all-except/route.ts","app",".ts","80","2","true","false","0","0","","",""
"app/api/login/route.ts","app",".ts","5805","150","true","false","10","7","runtime;POST","Prisma",""
"app/api/me/accounting-documents/[id]/route.ts","app",".ts","1603","44","true","false","5","4","runtime;dynamic;GET","","force-dynamic;console.error"
"app/api/me/accounting-documents/route.ts","app",".ts","1882","50","true","false","6","4","runtime;dynamic;revalidate;GET","","force-dynamic;console.error"
"app/api/me/maintenance-requests/route.ts","app",".ts","4798","142","true","false","5","3","runtime;dynamic;GET;POST","Prisma","force-dynamic;console.error"
"app/api/me/notifications/[id]/route.ts","app",".ts","1184","35","true","false","3","2","runtime;dynamic;PATCH","","force-dynamic;console.error"
"app/api/me/notifications/read-all/route.ts","app",".ts","812","23","true","false","3","2","runtime;dynamic;PATCH","","force-dynamic;console.error"
"app/api/me/notifications/route.ts","app",".ts","1718","53","true","false","5","4","runtime;dynamic;revalidate;GET","","force-dynamic;console.error"
"app/api/me/portal-insights/route.ts","app",".ts","3314","91","true","false","4","3","dynamic;GET","Prisma","force-dynamic;console.error"
"app/api/media/route.ts","app",".ts","1582","42","true","false","4","1","GET","",""
"app/api/payment/config/route.ts","app",".ts","9553","288","true","false","4","3","dynamic;GET;POST;PUT;DELETE","Prisma","force-dynamic;console.error"
"app/api/payment/providers/route.ts","app",".ts","950","33","true","false","2","1","GET","","console.error"
"app/api/payment/route.ts","app",".ts","4181","126","true","false","4","3","POST;GET","","console.error"
"app/api/payment/test/route.ts","app",".ts","9764","237","true","false","3","2","dynamic;POST","Prisma","force-dynamic;console.error"
"app/api/payment/thawani/route.ts","app",".ts","2632","79","true","false","3","2","POST;GET","","console.error"
"app/api/plans/[id]/route.ts","app",".ts","5984","154","true","false","5","2","runtime;dynamic;revalidate;PATCH","Prisma","force-dynamic;console.error"
"app/api/plans/init/route.ts","app",".ts","3225","56","true","false","5","3","runtime;POST","Prisma","console.error"
"app/api/plans/route.ts","app",".ts","1710","51","true","false","3","2","runtime;dynamic;revalidate;GET","Prisma","force-dynamic;console.error"
"app/api/portal/alert/route.ts","app",".ts","2333","74","true","false","3","2","GET;PUT","Prisma","console.error"
"app/api/portal/auto-account/route.ts","app",".ts","5052","138","true","false","8","5","POST;GET","Prisma","console.error;Math.random"
"app/api/portal/owner-v2/route.ts","app",".ts","2694","87","true","false","4","3","GET","Prisma","console.error"
"app/api/portal/owner/route.ts","app",".ts","2245","75","true","false","4","3","GET","Prisma","console.error"
"app/api/portal/signature/route.ts","app",".ts","4059","113","true","false","4","2","POST;PUT","Prisma","console.log;console.error;Math.random"
"app/api/portal/task/route.ts","app",".ts","2456","78","true","false","3","2","GET;PUT","Prisma","console.error"
"app/api/portal/tenant-score/route.ts","app",".ts","6969","175","true","false","4","2","GET","Prisma","console.error"
"app/api/portal/tenant-v2/route.ts","app",".ts","4146","111","true","false","4","3","GET","Prisma","console.error"
"app/api/portal/tenant/route.ts","app",".ts","1507","45","true","false","4","3","GET","Prisma","console.error"
"app/api/scan/[userId]/route.ts","app",".ts","3863","119","true","false","3","2","GET","Prisma","console.error"
"app/api/scan/contact/[contactId]/route.ts","app",".ts","3299","87","true","false","5","4","GET","Prisma","console.error"
"app/api/scan/property/[id]/route.ts","app",".ts","4604","129","true","false","2","1","GET","","console.error"
"app/api/settings/accounting-fiscal/route.ts","app",".ts","1306","33","true","false","3","2","GET;POST","AppSetting","console.error"
"app/api/settings/ads/route.ts","app",".ts","1146","31","true","false","3","2","GET;POST","AppSetting","console.error"
"app/api/settings/bank-accounts/route.ts","app",".ts","1300","33","true","false","3","2","GET;POST","AppSetting","console.error"
"app/api/settings/booking-cancellation-requests/route.ts","app",".ts","1361","33","true","false","3","2","GET;POST","AppSetting","console.error"
"app/api/settings/booking-checks/route.ts","app",".ts","1386","33","true","false","4","3","GET;POST","","console.error"
"app/api/settings/booking-documents/route.ts","app",".ts","1740","40","true","false","4","3","GET;POST","","console.error"
"app/api/settings/booking-terms/route.ts","app",".ts","1165","30","true","false","3","2","GET;POST","AppSetting","console.error"
"app/api/settings/communication-templates/route.ts","app",".ts","2136","46","true","false","4","3","GET;POST","AppSetting","console.error"
"app/api/settings/company-data/route.ts","app",".ts","1141","30","true","false","3","2","GET;POST","AppSetting","console.error"
"app/api/settings/contact-category-permissions/route.ts","app",".ts","1299","32","true","false","3","2","GET;POST","AppSetting","console.error"
"app/api/settings/contract-checks/route.ts","app",".ts","1305","33","true","false","3","2","GET;POST","AppSetting","console.error"
"app/api/settings/dashboard/route.ts","app",".ts","1350","34","true","false","4","2","GET;POST","AppSetting","console.error"
"app/api/settings/document-templates/route.ts","app",".ts","1301","32","true","false","3","2","GET;POST","AppSetting","console.error"
"app/api/settings/print-options/route.ts","app",".ts","1286","32","true","false","3","2","GET;POST","AppSetting","console.error"
"app/api/settings/property-landlords/route.ts","app",".ts","1269","32","true","false","3","2","GET;POST","AppSetting","console.error"
"app/api/settings/property-overrides/route.ts","app",".ts","1180","30","true","false","3","2","GET;POST","AppSetting","console.error"
"app/api/settings/report-schedules/route.ts","app",".ts","1540","35","true","false","4","3","GET;POST","AppSetting","console.error"
"app/api/settings/site-content/route.ts","app",".ts","1557","36","true","false","4","3","GET;POST","AppSetting","console.error"
"app/api/settings/site-visibility/route.ts","app",".ts","1150","30","true","false","3","2","GET;POST","AppSetting","console.error"
"app/api/signature-request/[token]/route.ts","app",".ts","10312","248","true","false","5","4","GET;POST;PATCH","Prisma","console.error"
"app/api/signature-request/create/route.ts","app",".ts","5095","124","true","false","6","4","POST","Prisma","console.error"
"app/api/stats/route.ts","app",".ts","1202","38","true","false","5","3","StatsData;GET;runtime;preferredRegion","","console.error"
"app/api/subscriptions/change-requests/route.ts","app",".ts","4026","112","true","false","4","2","runtime;GET;PATCH","Prisma","console.error"
"app/api/subscriptions/check/route.ts","app",".ts","1268","34","true","false","3","2","POST","","console.error"
"app/api/subscriptions/me/cancel-change-request/route.ts","app",".ts","1571","45","true","false","4","2","runtime;dynamic;POST","Prisma","force-dynamic;console.error"
"app/api/subscriptions/me/change-with-payment/route.ts","app",".ts","15715","360","true","false","6","3","runtime;dynamic;revalidate;POST","Prisma","force-dynamic;console.error"
"app/api/subscriptions/me/receipt/[documentId]/route.ts","app",".ts","1709","49","true","false","5","3","runtime;dynamic;GET","Prisma","force-dynamic"
"app/api/subscriptions/me/route.ts","app",".ts","18897","412","true","false","7","4","runtime;dynamic;revalidate;GET;POST","Prisma","force-dynamic;console.error"
"app/api/subscriptions/me/upgrade-quote/route.ts","app",".ts","2931","77","true","false","5","3","runtime;dynamic;GET","Prisma","force-dynamic;console.error"
"app/api/subscriptions/refund-done/route.ts","app",".ts","1692","42","true","false","4","2","runtime;dynamic;revalidate;POST","AppSetting","force-dynamic;console.error"
"app/api/subscriptions/route.ts","app",".ts","15491","356","true","false","7","5","runtime;dynamic;revalidate;GET;POST","Prisma;AppSetting","force-dynamic;console.error"
"app/api/subscriptions/upgrade/route.ts","app",".ts","2350","62","true","false","4","3","POST","Prisma","console.error"
"app/api/translate/route.ts","app",".ts","1558","43","true","false","2","1","GET","","console.error"
"app/api/upload/accounting/route.ts","app",".ts","1505","43","true","false","4","1","POST","","console.error;Math.random"
"app/api/upload/booking-documents/route.ts","app",".ts","3012","79","true","false","8","4","POST","Prisma;VercelBlob","console.error;Math.random"
"app/api/upload/booking-documents/serve/[id]/route.ts","app",".ts","1607","44","true","false","5","3","GET","Prisma","console.error"
"app/api/upload/company/route.ts","app",".ts","1451","42","true","false","4","1","POST","","console.error;Math.random"
"app/api/upload/route.ts","app",".ts","1284","38","true","false","5","1","POST","","console.error;Math.random"
"app/api/user/linked-contact/route.ts","app",".ts","11381","300","true","false","11","9","GET;PATCH","Prisma","console.error;Math.random"
"app/api/verify-credentials/route.ts","app",".ts","838","27","true","false","1","0","runtime;GET;POST","",""
"app/api/webhooks/payment/route.ts","app",".ts","9147","264","true","false","3","2","dynamic;POST;GET","","force-dynamic;console.error"
"app/api/webhooks/thawani/route.ts","app",".ts","2708","70","true","false","6","5","POST","","console.error"
"app/error.tsx","app",".tsx","797","23","true","true","1","0","ErrorBoundary","","console.error"
"app/favicon.ico","app",".ico","25931","0","true","false","0","0","","",""
"app/global-error.tsx","app",".tsx","712","21","true","true","0","0","GlobalError","",""
"app/layout.tsx","app",".tsx","870","27","true","false","2","1","RootLayout","",""
"app/loading.tsx","app",".tsx","233","8","true","false","0","0","Loading","",""
"app/page.tsx","app",".tsx","173","7","true","false","2","1","RootPage","",""
"app/robots.ts","app",".ts","418","18","true","false","1","0","robots","",""
"app/sitemap.ts","app",".ts","932","43","true","false","1","0","sitemap","",""
"components/Analytics.tsx","components",".tsx","963","35","true","true","2","1","Analytics","",""
"components/AuthSessionLocalIsolation.tsx","components",".tsx","3823","96","true","true","4","2","AuthSessionLocalIsolation","localStorage",""
"components/CallToAction.tsx","components",".tsx","1540","33","true","false","1","0","CallToAction","",""
"components/CallbackForm.tsx","components",".tsx","2985","92","true","true","1","0","CallbackForm","",""
"components/ContactForm.tsx","components",".tsx","3581","109","true","true","1","0","ContactForm","",""
"components/FeaturedProperties.tsx","components",".tsx","3726","90","true","false","0","0","FeaturedProperties","",""
"components/Footer.tsx","components",".tsx","15639","234","true","true","4","1","Footer","",""
"components/Header.tsx","components",".tsx","8475","188","true","true","8","3","Header","",""
"components/Hero.tsx","components",".tsx","1685","39","true","true","1","0","Hero","",""
"components/JsonLd.tsx","components",".tsx","1114","37","true","false","1","1","OrganizationJsonLd","","dangerouslySetInnerHTML"
"components/LanguageSwitcher.tsx","components",".tsx","1611","45","true","true","2","1","LanguageSwitcher","",""
"components/LayoutWrapper.tsx","components",".tsx","1189","39","true","true","4","3","LayoutWrapper","",""
"components/OmaniPattern.tsx","components",".tsx","643","18","true","true","0","0","OmaniPattern","",""
"components/PageViewTracker.tsx","components",".tsx","566","21","true","true","4","2","PageViewTracker","",""
"components/PageVisibilityGuard.tsx","components",".tsx","1797","56","true","true","3","1","PageVisibilityGuard","",""
"components/PropertyStorageMigration.tsx","components",".tsx","353","13","true","true","2","1","PropertyStorageMigration","",""
"components/Providers.tsx","components",".tsx","348","16","true","true","2","0","Providers","",""
"components/Services.tsx","components",".tsx","2547","64","true","false","0","0","Services","",""
"components/SessionAwareLayout.tsx","components",".tsx","972","27","true","true","4","4","SessionAwareLayout","",""
"components/SetLocaleAttributes.tsx","components",".tsx","551","21","true","true","2","0","SetLocaleAttributes","",""
"components/SiteContentHydrator.tsx","components",".tsx","412","13","true","true","2","1","SiteContentHydrator","",""
"components/Testimonials.tsx","components",".tsx","2667","53","true","false","0","0","Testimonials","",""
"components/UserBarContext.tsx","components",".tsx","502","22","true","true","1","0","UserBarContextValue;UserBarContext;useUserBar","",""
"components/UserTopBar.tsx","components",".tsx","4417","123","true","true","7","2","UserTopBar","",""
"components/WebVitals.tsx","components",".tsx","890","33","true","true","2","1","WebVitals","",""
"components/about/AboutPage.tsx","components",".tsx","7064","129","true","true","5","3","AboutPage","",""
"components/admin/AccountingFilter.tsx","components",".tsx","4718","130","true","true","3","2","FilterField;AccountingFilter","",""
"components/admin/AccountingHelpGuide.tsx","components",".tsx","7782","159","true","true","2","1","AccountingHelpGuide","",""
"components/admin/AccountingSection.tsx","components",".tsx","519","13","true","true","3","3","AccountingSection","",""
"components/admin/AccountingWelcome.tsx","components",".tsx","8448","187","true","true","4","1","AccountingWelcome","",""
"components/admin/AddUnitModal.tsx","components",".tsx","7872","178","true","true","2","1","UnitType;AddUnitModalProps;AddUnitModal","",""
"components/admin/AdminHomeDashboard.tsx","components",".tsx","18637","440","true","true","7","4","AdminHomeDashboard","","no-store"
"components/admin/AdminPageHeader.tsx","components",".tsx","1408","40","true","false","0","0","AdminPageHeader","",""
"components/admin/AdminStylesProvider.tsx","components",".tsx","2139","58","true","true","2","1","AdminStylesProvider","",""
"components/admin/AdminSubpageShell.tsx","components",".tsx","371","10","true","false","0","0","AdminSubpageShell","",""
"components/admin/AdminThemeToggle.tsx","components",".tsx","3310","102","true","true","3","2","AdminThemeToggle","",""
"components/admin/AdminToolbar.tsx","components",".tsx","585","16","true","false","0","0","AdminToolbar","",""
"components/admin/AdminTotpSetup.tsx","components",".tsx","8290","224","true","true","3","1","AdminTotpSetup","","no-store"
"components/admin/AdvancedDashboard.tsx","components",".tsx","21188","533","true","true","5","3","AdvancedDashboard","localStorage","Math.random"
"components/admin/AdvancedReports.tsx","components",".tsx","36010","852","true","true","8","6","AdvancedReports","localStorage","Math.random"
"components/admin/AiInsightPanel.tsx","components",".tsx","3859","98","true","true","3","2","AiInsightPanel","",""
"components/admin/AnalyticsCharts.tsx","components",".tsx","17091","450","true","true","6","4","AnalyticsCharts","localStorage","Math.random"
"components/admin/AuthProviderWrapper.tsx","components",".tsx","2769","75","true","true","4","1","AuthProviderWrapper","localStorage",""
"components/admin/BackupManager.tsx","components",".tsx","10399","229","true","true","5","3","BackupManager","localStorage",""
"components/admin/BookingDocumentsPanel.tsx","components",".tsx","82117","1391","true","true","15","14","BookingDocumentsPanelProps;BookingDocumentsPanel","",""
"components/admin/ClaimsPaymentsExportButtons.tsx","components",".tsx","3868","102","true","true","2","1","ClaimsPaymentsExportButtons","","document.write"
"components/admin/CleanAdminLayout.tsx","components",".tsx","20149","724","true","true","7","2","CleanAdminLayout","",""
"components/admin/ClientDashboard.tsx","components",".tsx","18134","325","true","true","12","7","ClientDashboard","","no-store"
"components/admin/CommunicationTemplateEditor.tsx","components",".tsx","7134","163","true","true","5","4","CommunicationTemplateEditor","",""
"components/admin/ContactFormModal.tsx","components",".tsx","36525","702","true","true","13","11","ContactFormModalProps;ContactFormModal","","dangerouslySetInnerHTML"
"components/admin/DocumentPrintFooter.tsx","components",".tsx","981","30","true","true","1","1","DocumentPrintFooter","",""
"components/admin/DocumentPrintHeader.tsx","components",".tsx","4188","104","true","true","3","3","DocumentPrintHeader","",""
"components/admin/DocumentPrintModal.tsx","components",".tsx","4029","110","true","true","1","0","DocumentPrintModal","",""
"components/admin/DraftBanner.tsx","components",".tsx","2084","48","true","true","4","2","DraftBanner","",""
"components/admin/ImagePicker.tsx","components",".tsx","6694","170","true","true","3","2","ImagePicker","",""
"components/admin/InvoicePrint.tsx","components",".tsx","28382","389","true","true","9","7","InvoicePrint","","dangerouslySetInnerHTML;document.write"
"components/admin/InvoiceTemplateEditor.tsx","components",".tsx","42505","742","true","true","6","4","InvoiceTemplateEditor","","document.write"
"components/admin/LandDetails.tsx","components",".tsx","5416","140","true","true","3","2","LandDetails","",""
"components/admin/ListPagination.tsx","components",".tsx","1606","48","true","true","0","0","ListPagination","",""
"components/admin/LoginAsUserButton.tsx","components",".tsx","8310","198","true","true","4","1","LoginAsUserButton","localStorage;sessionStorage","console.error"
"components/admin/MockSessionProvider.tsx","components",".tsx","1059","44","true","true","1","0","useMockSession;MockSessionProvider","",""
"components/admin/ModernAdminLayout.tsx","components",".tsx","21045","737","true","true","7","2","ModernAdminLayout","",""
"components/admin/MultiUnitDataModal.tsx","components",".tsx","33205","541","true","true","3","2","MultiUnitDataModal","",""
"components/admin/MyAccountingDocumentsTable.tsx","components",".tsx","3392","97","true","true","3","2","AccountingDocRow;MyAccountingDocumentsTable","",""
"components/admin/OmanContactAddressFields.tsx","components",".tsx","10894","278","true","true","4","3","buildContactAddressLine;OmanContactAddressFields","",""
"components/admin/OwnerDashboard.tsx","components",".tsx","22763","420","true","true","15","10","OwnerDashboard","","no-store"
"components/admin/PhoneCountryCodeSelect.tsx","components",".tsx","4692","111","true","true","2","1","PhoneCountryCodeSelect","",""
"components/admin/PortalAiHero.tsx","components",".tsx","2945","89","true","true","4","3","PortalAiHero","","no-store"
"components/admin/PortalPendingTasksCard.tsx","components",".tsx","2553","72","true","true","2","1","PortalPendingTask;PortalPendingTasksCard","",""
"components/admin/ProfessionalAccountingDashboard.tsx","components",".tsx","18938","384","true","true","12","8","ProfessionalAccountingDashboard","","console.error"
"components/admin/PropertyBarcode.tsx","components",".tsx","3125","83","true","true","3","1","PropertyBarcode","",""
"components/admin/PropertyExtraDataForm.tsx","components",".tsx","44911","889","true","true","12","9","PropertyExtraDataFormProps;PropertyExtraDataForm","localStorage","no-store"
"components/admin/PropertyForm.tsx","components",".tsx","68544","1258","true","true","15","13","PropertyFormData;PropertyForm","",""
"components/admin/PropertyFormReviewPreview.tsx","components",".tsx","34276","617","true","true","5","4","PropertyFormReviewPreview","",""
"components/admin/ReportExportButtons.tsx","components",".tsx","13326","267","true","true","5","4","ReportExportButtons","",""
"components/admin/RoleBasedSidebar.tsx","components",".tsx","10243","242","true","true","12","6","RoleBasedSidebar","","no-store"
"components/admin/SectionPreviews.tsx","components",".tsx","8714","240","true","true","3","2","SectionPreviews","",""
"components/admin/SecurityMonitor.tsx","components",".tsx","15062","370","true","true","6","4","SecurityMonitor","localStorage","no-store;console.log"
"components/admin/SecurityPosturePanel.tsx","components",".tsx","3753","113","true","true","2","0","SecurityPosturePanel","","no-store"
"components/admin/SessionCheck.tsx","components",".tsx","1963","52","true","true","2","0","SessionCheck","localStorage;sessionStorage",""
"components/admin/SessionMiddleware.tsx","components",".tsx","1884","49","true","true","0","0","SessionMiddleware","localStorage",""
"components/admin/SortSelect.tsx","components",".tsx","1498","40","true","true","0","0","SortOption;SORT_OPTIONS;SortSelect","",""
"components/admin/TranslateField.tsx","components",".tsx","4622","122","true","true","1","0","TranslateField","",""
"components/admin/UserBarcode.tsx","components",".tsx","2428","64","true","true","2","0","UserBarcode","",""
"components/admin/UserSessionIndicator.tsx","components",".tsx","4423","122","true","true","4","1","UserSessionIndicator","localStorage;sessionStorage",""
"components/admin/VillaApartmentDetails.tsx","components",".tsx","14069","363","true","true","2","1","VillaApartmentFormData;emptyVillaApartment;VillaApartmentDetails","",""
"components/admin/accounting.module.css","components",".css","12272","545","true","false","0","0","","",""
"components/admin/accounting/AccountingAccountsTab.tsx","components",".tsx","8176","179","true","true","6","5","AccountingAccountsTab","",""
"components/admin/accounting/AccountingAddAccountModal.tsx","components",".tsx","4492","80","true","true","5","5","AccountingAddAccountModal","",""
"components/admin/accounting/AccountingAddChequeModal.tsx","components",".tsx","8777","160","true","true","9","9","AccountingAddChequeModal","",""
"components/admin/accounting/AccountingAddDocumentModal.tsx","components",".tsx","27727","452","true","true","13","12","AccountingAddDocumentModal","",""
"components/admin/accounting/AccountingAddJournalModal.tsx","components",".tsx","10420","197","true","true","9","8","AccountingAddJournalModal","",""
"components/admin/accounting/AccountingAgingPanel.tsx","components",".tsx","3727","96","true","true","0","0","AccountingAgingPanel","",""
"components/admin/accounting/AccountingAuditTab.tsx","components",".tsx","1795","51","true","true","0","0","AccountingAuditTab","",""
"components/admin/accounting/AccountingChequesTab.tsx","components",".tsx","9425","225","true","true","7","6","AccountingChequesTab","",""
"components/admin/accounting/AccountingClaimsTab.tsx","components",".tsx","6749","153","true","true","8","7","AccountingClaimsTab","",""
"components/admin/accounting/AccountingDashboardTab.tsx","components",".tsx","31680","497","true","true","8","7","AccountingDashboardTab","",""
"components/admin/accounting/AccountingDocumentsTab.tsx","components",".tsx","8154","178","true","true","7","7","AccountingDocumentsTab","",""
"components/admin/accounting/AccountingHubFilterBar.tsx","components",".tsx","6316","151","true","true","9","8","AccountingHubFilterBar","",""
"components/admin/accounting/AccountingHubModals.tsx","components",".tsx","4000","111","true","true","11","11","AccountingHubModalsProps;AccountingHubModals","",""
"components/admin/accounting/AccountingHubShell.tsx","components",".tsx","2642","81","true","true","5","5","AccountingHubShell","",""
"components/admin/accounting/AccountingHubTabs.tsx","components",".tsx","9339","230","true","true","20","19","AccountingHubTabsProps;AccountingHubTabs","",""
"components/admin/accounting/AccountingInvoiceScanModal.tsx","components",".tsx","7912","176","true","true","4","3","InvoiceScanResult;AccountingInvoiceScanModal","",""
"components/admin/accounting/AccountingJournalTab.tsx","components",".tsx","5149","122","true","true","4","4","AccountingJournalTab","",""
"components/admin/accounting/AccountingPaymentsTab.tsx","components",".tsx","7666","164","true","true","11","10","AccountingPaymentsTab","",""
"components/admin/accounting/AccountingPeriodsTab.tsx","components",".tsx","2216","55","true","true","0","0","AccountingPeriodsTab","",""
"components/admin/accounting/AccountingPurchasesTab.tsx","components",".tsx","2630","49","true","true","3","3","AccountingPurchasesTab","",""
"components/admin/accounting/AccountingQuickActions.tsx","components",".tsx","4527","95","true","true","2","2","AccountingQuickActionsProps;AccountingQuickActions","",""
"components/admin/accounting/AccountingReconciliationPanel.tsx","components",".tsx","9674","209","true","true","2","1","AccountingReconciliationPanel","",""
"components/admin/accounting/AccountingReportsTab.tsx","components",".tsx","50078","898","true","true","13","13","AccountingReportsTabProps;AccountingReportsTab","",""
"components/admin/accounting/AccountingSalesTab.tsx","components",".tsx","2710","50","true","true","3","3","AccountingSalesTab","",""
"components/admin/accounting/AccountingSettingsTab.tsx","components",".tsx","1962","43","true","true","0","0","AccountingSettingsTab","",""
"components/admin/accounting/JournalEntryForm.tsx","components",".tsx","11231","306","true","true","5","2","JournalEntryForm","","Math.random"
"components/admin/real-estate/RealEstateContractModal.tsx","components",".tsx","29375","739","true","true","9","8","RealEstateContractModal","","no-store"
"components/admin/real-estate/RealEstateContractsTable.tsx","components",".tsx","18077","440","true","true","12","10","RealEstateContractsTable","","no-store"
"components/admin/real-estate/RealEstateDashboardCalendar.tsx","components",".tsx","8918","213","true","true","4","3","RealEstateDashboardCalendar","","no-store"
"components/admin/real-estate/RealEstateDashboardKpis.tsx","components",".tsx","3346","82","true","true","1","1","RealEstateDashboardKpis","",""
"components/admin/real-estate/RealEstateModuleHub.tsx","components",".tsx","3238","111","true","true","2","1","RealEstateModuleHub","",""
"components/admin/real-estate/RealEstateReservationsTable.tsx","components",".tsx","13655","343","true","true","6","4","RealEstateReservationsTable","","no-store"
"components/admin/real-estate/RealEstateUnitDetailsModal.tsx","components",".tsx","13436","319","true","true","9","8","RealEstateUnitDetailsModal","","no-store"
"components/admin/real-estate/RealEstateUnitsTable.tsx","components",".tsx","19471","477","true","true","12","10","RealEstateUnitsTable","","no-store"
"components/ads/AdsDisplay.tsx","components",".tsx","7799","211","true","true","5","1","AdsDisplay","",""
"components/ads/FloatingAdsDisplay.tsx","components",".tsx","4489","120","true","true","5","1","FloatingAdsDisplay","",""
"components/auth/SessionKeepAlive.tsx","components",".tsx","1118","42","true","true","1","0","SessionKeepAlive","","no-store"
"components/bhd/BhdAccountChrome.tsx","components",".tsx","938","35","true","true","3","2","BhdAccountChrome","",""
"components/bhd/BhdAppIcon.tsx","components",".tsx","3631","151","true","false","1","0","appIconId;BhdAppIcon","",""
"components/bhd/BhdAppSwitcher.tsx","components",".tsx","6327","194","true","true","5","3","BhdSwitcherUser;BhdAppSwitcher","",""
"components/bhd/BhdProgramsFooter.tsx","components",".tsx","1829","46","true","true","2","2","BhdProgramsFooter","",""
"components/bhd/NavigationWarmup.tsx","components",".tsx","616","22","true","true","2","0","NavigationWarmup","",""
"components/contact/CallbackForm.tsx","components",".tsx","3752","103","true","true","2","0","CallbackForm","",""
"components/contact/ContactForm.tsx","components",".tsx","4942","136","true","true","2","0","ContactForm","",""
"components/contact/ContactPage.tsx","components",".tsx","4505","107","true","true","6","5","ContactPage","",""
"components/home/AboutPreview.tsx","components",".tsx","2890","83","true","true","4","1","AboutPreview","",""
"components/home/ContactSection.tsx","components",".tsx","3535","85","true","true","3","1","ContactSection","",""
"components/home/CtaSection.tsx","components",".tsx","7037","126","true","true","3","0","CtaSection","",""
"components/home/Hero.tsx","components",".tsx","1364","38","true","true","5","3","Hero","",""
"components/home/HeroOman.tsx","components",".tsx","5202","109","true","true","4","0","HeroOman","",""
"components/home/OmanGallery.tsx","components",".tsx","6453","128","true","true","3","0","OmanGallery","",""
"components/home/ProjectsPreview.tsx","components",".tsx","4880","117","true","true","6","3","ProjectsPreview","",""
"components/home/PropertiesPreview.tsx","components",".tsx","13795","288","true","true","7","4","PropertiesPreview","",""
"components/home/Services.tsx","components",".tsx","2163","55","true","true","3","1","Services","",""
"components/home/Statistics.tsx","components",".tsx","3780","135","true","true","2","0","Statistics","",""
"components/home/StatsBar.tsx","components",".tsx","6807","166","true","true","3","1","StatsBar","","no-store;console.error"
"components/home/StatsBarSkeleton.tsx","components",".tsx","2306","44","true","false","0","0","StatsBarSkeleton","",""
"components/home/SubscriptionsCTA.tsx","components",".tsx","1323","33","true","true","2","0","SubscriptionsCTA","",""
"components/home/Testimonials.tsx","components",".tsx","3955","76","true","true","2","0","Testimonials","",""
"components/home/WhyChooseUs.tsx","components",".tsx","6061","125","true","true","2","0","WhyChooseUs","",""
"components/icons/Icon.tsx","components",".tsx","786","34","true","true","1","1","Icon","",""
"components/portal/OwnerDashboard.tsx","components",".tsx","12292","296","true","true","1","0","OwnerDashboard","",""
"components/portal/OwnerDashboardV2.tsx","components",".tsx","14080","245","true","true","1","0","OwnerDashboardV2","",""
"components/portal/PaymentSelector.tsx","components",".tsx","13155","267","true","true","1","0","PaymentSelector","",""
"components/portal/SignatureModal.tsx","components",".tsx","28086","746","true","true","1","0","SignatureModal","",""
"components/portal/TenantDashboard.tsx","components",".tsx","11438","273","true","true","2","0","TenantDashboard","",""
"components/portal/TenantDashboardV2.tsx","components",".tsx","24860","478","true","true","3","2","TenantDashboardV2","","console.error"
"components/projects/BuildingMaps.tsx","components",".tsx","7055","189","true","true","3","0","BuildingMaps","",""
"components/projects/ImageSlider.tsx","components",".tsx","5249","161","true","true","2","0","ImageSlider","",""
"components/projects/ProjectDetails.tsx","components",".tsx","35012","648","true","true","8","5","ProjectDetails","",""
"components/projects/ProjectsList.tsx","components",".tsx","10703","219","true","true","9","5","ProjectsList","",""
"components/properties/PropertiesList.tsx","components",".tsx","14920","279","true","true","10","6","PropertiesList","",""
"components/properties/PropertyDetailLoader.tsx","components",".tsx","6558","135","true","true","4","2","PropertyDetailLoader","localStorage",""
"components/properties/PropertyDetails.tsx","components",".tsx","58497","981","true","true","12","8","PropertyDetails","",""
"components/properties/PropertyIcon.tsx","components",".tsx","860","29","true","true","1","1","PropertyIcon","",""
"components/properties/PropertyImageSlider.tsx","components",".tsx","7395","204","true","true","3","1","PropertyImageSlider","",""
"components/services/ServicesPage.tsx","components",".tsx","7801","171","true","true","5","3","ServicesPage","",""
"components/shared/DateInput.tsx","components",".tsx","9466","236","true","true","1","0","DateInputProps;DateInput","",""
"components/shared/ImageWithWatermark.tsx","components",".tsx","3832","149","true","true","2","0","ImageWithWatermark","",""
"components/shared/PageHero.tsx","components",".tsx","18190","409","true","true","7","2","PageHero","",""
"components/shared/SerialBadge.tsx","components",".tsx","787","27","true","true","1","0","SerialBadge","",""
"components/shared/UnifiedPaymentForm.tsx","components",".tsx","13799","281","true","true","1","0","CardData;UnifiedPaymentFormProps;UnifiedPaymentForm","",""
"config/site.ts","config",".ts","1933","66","true","false","0","0","siteConfig","",""
"dev.db","(root)",".db","249856","0","true","false","0","0","","",""
"docs/ACCOUNTING-HUB-MAINTENANCE.md","docs",".md","5422","120","true","true","0","0","AccountingExampleTab","localStorage",""
"docs/ACCOUNTING-HUB-REFACTOR-COMPLETE.md","docs",".md","4174","109","true","false","0","0","","",""
"docs/ACCOUNTING-HUB-UI.md","docs",".md","6082","160","true","false","0","0","","localStorage",""
"docs/ACCOUNTING_API.md","docs",".md","2430","101","true","false","0","0","","",""
"docs/ACCOUNTING_ARCHITECTURE.md","docs",".md","8746","141","true","false","0","0","","localStorage",""
"docs/ACCOUNTING_ERD.md","docs",".md","4863","50","true","false","0","0","","",""
"docs/ACCOUNTING_POLICY_MANUAL.md","docs",".md","3385","65","true","false","0","0","","",""
"docs/AUDIT_GUIDE.md","docs",".md","2471","59","true","false","0","0","","",""
"docs/BHD-APP-SWITCHER.md","docs",".md","17856","391","true","false","0","0","BhdAppMode;BhdApp;BHD_APP_SWITCHER_SPEC;BHD_APPS","localStorage",""
"docs/BHD-IDENTITY-SSO.md","docs",".md","29784","600","true","false","0","0","","",""
"docs/BHD-UNIFIED-LOGIN-AND-APPS.md","docs",".md","51636","685","true","false","0","0","","",""
"docs/BOOKING_WORKFLOW_DESIGN.md","docs",".md","10224","203","true","false","0","0","","",""
"docs/DAILY-CONTEXT.md","docs",".md","168808","1737","true","false","1","0","","Prisma;localStorage;sessionStorage;AppSetting;LegacyKv","no-store"
"docs/DATA-POLICY.md","docs",".md","2841","49","true","false","0","0","","localStorage;AppSetting",""
"docs/DATABASE-SETUP-AND-MIGRATION.md","docs",".md","5337","95","true","false","0","0","","Prisma",""
"docs/DATABASE-SETUP-FREE.md","docs",".md","4009","71","true","false","0","0","","",""
"docs/DEVELOPMENT-FIXES-AND-UPGRADES.md","docs",".md","33848","495","true","false","0","0","","localStorage;AppSetting","no-store"
"docs/LEGACY-MONOLITH-INTEGRATION.md","docs",".md","14085","239","true","false","0","0","","localStorage",""
"docs/NEON-SOURCE-OF-TRUTH.md","docs",".md","4804","93","true","false","0","0","","localStorage;AppSetting",""
"docs/PRODUCTION-CHECKLIST.md","docs",".md","3445","99","true","false","0","0","","",""
"docs/ROLES-SUBSCRIPTION-DESIGN.md","docs",".md","7835","136","true","false","0","0","","localStorage",""
"docs/ROLES-VISIBILITY-RULES.md","docs",".md","5517","68","true","false","0","0","","",""
"docs/SCALING-DATABASE.md","docs",".md","6690","111","true","false","0","0","","Prisma",""
"docs/SESSION-END.md","docs",".md","4984","70","true","false","0","0","","",""
"docs/SESSION-START.md","docs",".md","8328","98","true","false","0","0","","localStorage",""
"docs/SITE-SCENARIOS-AND-LINKS.md","docs",".md","24540","287","true","false","0","0","","localStorage",""
"docs/UPDATE_GUIDE.md","docs",".md","2625","78","true","false","0","0","","localStorage",""
"docs/WORKFLOW.md","docs",".md","5433","139","true","false","0","0","","",""
"docs/accounting-chart-and-usage.md","docs",".md","3251","51","true","false","0","0","","",""
"docs/accounting-comparison.md","docs",".md","5719","77","true","false","0","0","","localStorage",""
"docs/kimi-review/architecture_review_report.md","docs",".md","36104","1299","false","true","15","6","ApiResponse;ApiError;PaginationMeta;success;error;validateToken;validateServerToken;getStoredToken;TokenPayload;rateLimit;POST;PropertySchema;PropertyInput;ErrorBoundary;RootLayout;PropertiesLoading;Skeleton;Button;PropertyCard;PropertiesPage;createInvoice;Hero;getProperties;getProperty;GET;prisma;enqueueJob","Prisma;localStorage","console.error"
"docs/kimi-review/performance_review_report.md","docs",".md","56694","1771","false","false","27","13","getProperties;getPropertyById;invalidatePropertyCache;PaginationParams;PaginatedResult;getPropertiesPaginated;getPropertiesWithOffset;getPropertyDetail;getPropertyList;PropertyPage;PropertyHeader;DashboardPage;prisma;PropertyFilters;validatePropertyFilters;RootLayout;createProperty;updateProperty;deleteProperty;PropertyCard;revalidate;PropertiesPage;getRelatedProperties;invalidatePropertyCaches","Prisma","console.log"
"docs/kimi-review/plan-deep-review.md","docs",".md","4378","112","false","false","0","0","","Prisma","force-dynamic"
"docs/kimi-review/plan.md","docs",".md","1752","43","false","false","0","0","","",""
"docs/kimi-review/security_review_report.md","docs",".md","78694","2712","false","true","19","9","apiGuard;GET;sanitizeFilePath;validateFileType;generateSafeFilename;POST;buildTenantWhere;encryptSensitiveData;decryptSensitiveData;encryptSensitiveDataLegacy;createSessionFingerprint;auditSecurityEventLocal;createServerFingerprint;createImpersonateToken;verifyImpersonateToken;endImpersonateSession;isE2EResetAllowed;encryptPII;decryptPII;createSearchHash;createEncryptionMiddleware;verifyAdminResetPin;RATE_LIMITS;checkRateLimit;AuditEventType;Severity;logAuditEvent;verifyAuditIntegrity;createSecurityHeaders;withSecurityHeaders;AdminPermissions;parseAdminPermissions;hasPermission;mergePermissions;hasAnyPermission;revokeAllUserSessions;AccountSchema;PeriodSchema;UploadSchema;validateInput;ValidationError;logRequest;createRequestTracker;validateCsrf;withCsrfProtection;getAuthSecret;generateAuthSecret;verifySecretMatch;AppError;formatError;createApiResponse;createErrorResponse","Prisma;localStorage;sessionStorage","console.error"
"docs/kimi-review/تقرير_البطء_والحلول.md","docs",".md","13837","397","false","false","6","4","dynamic;buildLegacyBridgeMinimalPayload;loadCanonicalContractStatusesFromNeon;GET","Prisma","force-dynamic"
"docs/kimi-review/تقرير_التحقق_من_الرفع.md","docs",".md","8489","253","false","false","3","1","prisma","Prisma",""
"docs/kimi-review/مراجعة_المحاسبة_والصفحة_الرئيسية.md","docs",".md","19179","432","false","false","8","8","HomePage","Prisma;localStorage",""
"docs/kimi-review/ملخص_المراجعة_الشاملة.md","docs",".md","9295","238","false","false","4","1","GET;apiLimiter;getProperties","localStorage",""
"docs/reviews/kimi-agent-2026-07-portal/MULTI-GATEWAY-PAYMENT.md","docs",".md","1329","26","false","false","0","0","","",""
"docs/reviews/kimi-agent-2026-07-portal/README.md","docs",".md","1245","34","false","false","0","0","","",""
"docs/reviews/kimi-agent-2026-07-portal/plan-portal-v2.md","docs",".md","2265","54","false","false","0","0","","",""
"docs/reviews/kimi-agent-2026-07-portal/plan.md","docs",".md","1752","43","false","false","0","0","","",""
"docs/reviews/kimi-agent-2026-07-portal/تقرير_النظرة_السوقية_و_النواقص.md","docs",".md","10330","241","false","false","1","0","createPayment;sendContractForSignature","",""
"docs/reviews/kimi-agent-2026-07/README.md","docs",".md","1344","20","false","false","0","0","","",""
"docs/reviews/kimi-agent-2026-07/architecture_review_report.md","docs",".md","36104","1299","false","true","15","6","ApiResponse;ApiError;PaginationMeta;success;error;validateToken;validateServerToken;getStoredToken;TokenPayload;rateLimit;POST;PropertySchema;PropertyInput;ErrorBoundary;RootLayout;PropertiesLoading;Skeleton;Button;PropertyCard;PropertiesPage;createInvoice;Hero;getProperties;getProperty;GET;prisma;enqueueJob","Prisma;localStorage","console.error"
"docs/reviews/kimi-agent-2026-07/archive-and-encryption-README.md","docs",".md","7216","234","false","false","6","6","","localStorage",""
"docs/reviews/kimi-agent-2026-07/performance_review_report.md","docs",".md","56694","1771","false","false","27","13","getProperties;getPropertyById;invalidatePropertyCache;PaginationParams;PaginatedResult;getPropertiesPaginated;getPropertiesWithOffset;getPropertyDetail;getPropertyList;PropertyPage;PropertyHeader;DashboardPage;prisma;PropertyFilters;validatePropertyFilters;RootLayout;createProperty;updateProperty;deleteProperty;PropertyCard;revalidate;PropertiesPage;getRelatedProperties;invalidatePropertyCaches","Prisma","console.log"
"docs/reviews/kimi-agent-2026-07/plan-deep-review.md","docs",".md","4378","112","false","false","0","0","","Prisma","force-dynamic"
"docs/reviews/kimi-agent-2026-07/plan-split-html.md","docs",".md","4207","93","false","false","0","0","","localStorage",""
"docs/reviews/kimi-agent-2026-07/plan.md","docs",".md","1752","43","false","false","0","0","","",""
"docs/reviews/kimi-agent-2026-07/security_review_report.md","docs",".md","78694","2712","false","true","19","9","apiGuard;GET;sanitizeFilePath;validateFileType;generateSafeFilename;POST;buildTenantWhere;encryptSensitiveData;decryptSensitiveData;encryptSensitiveDataLegacy;createSessionFingerprint;auditSecurityEventLocal;createServerFingerprint;createImpersonateToken;verifyImpersonateToken;endImpersonateSession;isE2EResetAllowed;encryptPII;decryptPII;createSearchHash;createEncryptionMiddleware;verifyAdminResetPin;RATE_LIMITS;checkRateLimit;AuditEventType;Severity;logAuditEvent;verifyAuditIntegrity;createSecurityHeaders;withSecurityHeaders;AdminPermissions;parseAdminPermissions;hasPermission;mergePermissions;hasAnyPermission;revokeAllUserSessions;AccountSchema;PeriodSchema;UploadSchema;validateInput;ValidationError;logRequest;createRequestTracker;validateCsrf;withCsrfProtection;getAuthSecret;generateAuthSecret;verifySecretMatch;AppError;formatError;createApiResponse;createErrorResponse","Prisma;localStorage;sessionStorage","console.error"
"docs/reviews/kimi-agent-2026-07/تقرير_البطء_والحلول.md","docs",".md","13837","397","false","false","6","4","dynamic;buildLegacyBridgeMinimalPayload;loadCanonicalContractStatusesFromNeon;GET","Prisma","force-dynamic"
"docs/reviews/kimi-agent-2026-07/تقرير_التحقق_من_الرفع.md","docs",".md","8489","253","false","false","3","1","prisma","Prisma",""
"docs/reviews/kimi-agent-2026-07/تقرير_المراجعة_الشاملة_النهائي.md","docs",".md","8595","206","false","false","0","0","","Prisma;LegacyKv",""
"docs/reviews/kimi-agent-2026-07/تقرير_بطء_لوحة_التحكم.md","docs",".md","8944","314","false","false","2","1","AdminLayout","localStorage;sessionStorage",""
"docs/reviews/kimi-agent-2026-07/تقرير_عدم_استقرار_البيانات.md","docs",".md","5950","164","false","false","0","0","","localStorage",""
"docs/reviews/kimi-agent-2026-07/مراجعة_المحاسبة_والصفحة_الرئيسية.md","docs",".md","19179","432","false","false","8","8","HomePage","Prisma;localStorage",""
"docs/reviews/kimi-agent-2026-07/ملخص_المراجعة_الشاملة.md","docs",".md","9295","238","false","false","4","1","GET;apiLimiter;getProperties","localStorage",""
"docs/subscription-data-retention.md","docs",".md","1393","14","true","false","0","0","","",""
"docs/اقرأني-الدليل-التقني-الشامل.md","docs",".md","13462","180","true","false","0","0","","localStorage;AppSetting",""
"eslint.config.mjs","(root)",".mjs","483","19","true","false","3","0","","",""
"i18n.ts","(root)",".ts","278","7","true","false","0","0","locales;defaultLocale","",""
"i18n/request.ts","i18n",".ts","507","18","true","false","2","1","","",""
"i18n/routing.ts","i18n",".ts","175","8","true","false","1","0","routing","",""
"instrumentation.ts","(root)",".ts","961","32","true","false","0","0","register","","console.error"
"legacy/README.md","legacy",".md","4308","95","false","false","0","0","","localStorage",""
"legacy/bhd-real-estate/.cursor/rules/bilingual-future-changes.mdc","legacy",".mdc","1079","0","false","false","0","0","","",""
"legacy/bhd-real-estate/.cursor/rules/hybrid-desktop-web-deployment.mdc","legacy",".mdc","1349","0","false","false","0","0","","",""
"legacy/bhd-real-estate/.cursor/rules/language-toggle-single-language-ui.mdc","legacy",".mdc","1395","0","false","false","0","0","","",""
"legacy/bhd-real-estate/.cursor/rules/popup-size-standards.mdc","legacy",".mdc","836","0","false","false","0","0","","",""
"legacy/bhd-real-estate/.cursor/rules/responsive-layout-standards.mdc","legacy",".mdc","1735","0","false","false","0","0","","",""
"legacy/bhd-real-estate/.cursor/rules/transparent-upgrade-architecture.mdc","legacy",".mdc","2269","0","false","false","0","0","","",""
"legacy/bhd-real-estate/.cursor/rules/ui-search-filter-print-standards.mdc","legacy",".mdc","1386","0","false","false","0","0","","",""
"legacy/bhd-real-estate/.gitignore","legacy","(none)","166","0","false","false","0","0","","",""
"legacy/bhd-real-estate/CONVERSATION_LOG.md","legacy",".md","17536","226","false","false","0","0","","localStorage",""
"legacy/bhd-real-estate/DEVELOPMENT_GUIDE.md","legacy",".md","16084","344","false","false","0","0","","localStorage",""
"legacy/bhd-real-estate/README.md","legacy",".md","2546","71","false","false","0","0","","",""
"legacy/bhd-real-estate/SESSION_WORK_LOG.md","legacy",".md","19542","257","false","false","0","0","","localStorage",""
"legacy/bhd-real-estate/SYSTEM_REFERENCE.md","legacy",".md","8195","226","false","false","0","0","","localStorage",""
"legacy/bhd-real-estate/apps/api/.env.example","legacy",".example","919","30","false","false","0","0","","",""
"legacy/bhd-real-estate/apps/api/Dockerfile","legacy","(none)","412","0","false","false","0","0","","",""
"legacy/bhd-real-estate/apps/api/README.md","legacy",".md","3562","95","false","false","0","0","","",""
"legacy/bhd-real-estate/apps/api/lib/bhd-data-store.js","legacy",".js","2077","59","false","false","0","0","createBhdDataStore","localStorage","no-store"
"legacy/bhd-real-estate/apps/api/package-lock.json","legacy",".json","80440","2122","false","false","0","0","","",""
"legacy/bhd-real-estate/apps/api/package.json","legacy",".json","1818","53","false","false","0","0","","",""
"legacy/bhd-real-estate/apps/api/prisma/migrations/20250617120000_init/migration.sql","legacy",".sql","7012","201","false","false","0","0","","",""
"legacy/bhd-real-estate/apps/api/prisma/migrations/20250617140000_company_data/migration.sql","legacy",".sql","548","14","false","false","0","0","","",""
"legacy/bhd-real-estate/apps/api/prisma/migrations/20250617150000_file_objects/migration.sql","legacy",".sql","899","24","false","false","0","0","","",""
"legacy/bhd-real-estate/apps/api/prisma/migrations/20250617160000_company_trial/migration.sql","legacy",".sql","82","2","false","false","0","0","","",""
"legacy/bhd-real-estate/apps/api/prisma/migrations/migration_lock.toml","legacy",".toml","130","4","false","false","0","0","","",""
"legacy/bhd-real-estate/apps/api/prisma/schema.prisma","legacy",".prisma","7261","209","false","false","0","0","","",""
"legacy/bhd-real-estate/apps/api/prisma/seed.js","legacy",".js","2589","87","false","false","5","1","","Prisma","console.log;console.error"
"legacy/bhd-real-estate/apps/api/prisma/sql/rls.sql","legacy",".sql","1829","43","false","false","0","0","","",""
"legacy/bhd-real-estate/apps/api/src/app.js","legacy",".js","1803","57","false","false","16","12","createApp","",""
"legacy/bhd-real-estate/apps/api/src/config.js","legacy",".js","1307","33","false","false","1","0","config","",""
"legacy/bhd-real-estate/apps/api/src/index.js","legacy",".js","510","16","false","false","3","3","","","console.log"
"legacy/bhd-real-estate/apps/api/src/jobs/trial-expiry.js","legacy",".js","1183","36","false","false","1","1","runTrialExpiryCheck;startTrialExpiryJob","Prisma","console.log"
"legacy/bhd-real-estate/apps/api/src/lib/auth.js","legacy",".js","4326","161","false","false","6","3","hashPassword;verifyPassword;signAccessToken;verifyAccessToken;issueTokenPair;rotateRefreshToken;revokeRefreshToken;authenticateUser;listUserCompanies;getMembership","Prisma",""
"legacy/bhd-real-estate/apps/api/src/lib/company-limits.js","legacy",".js","1975","47","false","false","2","2","getCompanyUsage;assertCompanyWithinLimits;requireActiveCompany","Prisma",""
"legacy/bhd-real-estate/apps/api/src/lib/errors.js","legacy",".js","297","13","false","false","0","0","ApiError;assertFound","",""
"legacy/bhd-real-estate/apps/api/src/lib/pagination.js","legacy",".js","408","11","false","false","0","0","parsePagination;paginationMeta","",""
"legacy/bhd-real-estate/apps/api/src/lib/plans.js","legacy",".js","1054","48","false","false","0","0","SUBSCRIPTION_PLANS;getPlan;slugifyCompanySlug","",""
"legacy/bhd-real-estate/apps/api/src/lib/prisma.js","legacy",".js","707","27","false","false","1","0","prisma;withCompanyContext","Prisma",""
"legacy/bhd-real-estate/apps/api/src/middleware/auth.js","legacy",".js","1197","35","false","false","2","2","requireAuth;requireCompany;requirePermission","",""
"legacy/bhd-real-estate/apps/api/src/middleware/errorHandler.js","legacy",".js","568","18","false","false","1","1","errorHandler","","console.error"
"legacy/bhd-real-estate/apps/api/src/routes/auth.js","legacy",".js","3657","126","false","false","6","4","authRouter","Prisma",""
"legacy/bhd-real-estate/apps/api/src/routes/buildings.js","legacy",".js","4394","149","false","false","8","6","buildingsRouter","Prisma",""
"legacy/bhd-real-estate/apps/api/src/routes/companies.js","legacy",".js","5247","161","false","false","8","6","companiesRouter","Prisma",""
"legacy/bhd-real-estate/apps/api/src/routes/company-data.js","legacy",".js","3746","115","false","false","5","3","companyDataRouter","Prisma",""
"legacy/bhd-real-estate/apps/api/src/routes/contracts.js","legacy",".js","9170","268","false","false","8","6","contractsRouter","Prisma",""
"legacy/bhd-real-estate/apps/api/src/routes/files.js","legacy",".js","4139","134","false","false","8","6","filesRouter","Prisma",""
"legacy/bhd-real-estate/apps/api/src/routes/health.js","legacy",".js","426","14","false","false","2","1","healthRouter","Prisma",""
"legacy/bhd-real-estate/apps/api/src/routes/parties.js","legacy",".js","3406","106","false","false","8","6","partiesRouter","Prisma",""
"legacy/bhd-real-estate/apps/api/src/routes/saas.js","legacy",".js","4212","133","false","false","8","5","saasRouter","Prisma",""
"legacy/bhd-real-estate/apps/api/src/routes/units.js","legacy",".js","6023","189","false","false","8","6","unitsRouter","Prisma",""
"legacy/bhd-real-estate/apps/api/src/services/audit.js","legacy",".js","458","17","false","false","1","1","writeAudit","Prisma",""
"legacy/bhd-real-estate/apps/api/src/services/file-storage.js","legacy",".js","4934","164","false","false","4","1","getFileStorageRoot;buildStorageKey;absolutePathForStorageKey;saveFileFromDataUrl;readFileByStorageKey;deleteFileByStorageKey;getStorageBackend","",""
"legacy/bhd-real-estate/bhd-app-config.json","legacy",".json","206","7","false","false","0","0","","",""
"legacy/bhd-real-estate/bhd-real-estate-shell.html","legacy",".html","13034","255","false","false","0","0","","localStorage;sessionStorage","innerHTML=;console.error"
"legacy/bhd-real-estate/bhd-real-estate-v2.html","legacy",".html","2887","72","false","false","0","0","","localStorage;sessionStorage","innerHTML=;no-store;console.error"
"legacy/bhd-real-estate/bhd-real-estate.html","legacy",".html","3893689","72725","false","false","2","0","","localStorage;sessionStorage;LegacyKv","document.write;innerHTML=;no-store;console.error;Math.random"
"legacy/bhd-real-estate/bhd-real-estate.monolith.html","legacy",".html","3697529","68612","false","false","2","0","","localStorage;sessionStorage","document.write;innerHTML=;no-store;console.error;Math.random"
"legacy/bhd-real-estate/config/F 301-5240 - Tenancy Addendum 2024-2025.xlsx","legacy",".xlsx","162387","0","false","false","0","0","","",""
"legacy/bhd-real-estate/config/SFG_Logo_04.png","legacy",".png","30870","0","false","false","0","0","","",""
"legacy/bhd-real-estate/config/_exp.txt","legacy",".txt","1913","15","false","false","0","0","","","innerHTML="
"legacy/bhd-real-estate/config/_extracted.js","legacy",".js","692062","12132","false","false","1","0","","localStorage;sessionStorage","document.write;innerHTML=;no-store;console.error;Math.random"
"legacy/bhd-real-estate/config/_inline_check.js","legacy",".js","590805","10147","false","false","1","0","","localStorage;sessionStorage","document.write;innerHTML=;no-store;console.error;Math.random"
"legacy/bhd-real-estate/config/_out.txt","legacy",".txt","5076","36","false","false","0","0","","",""
"legacy/bhd-real-estate/config/bhd-app-config.json","legacy",".json","225","7","false","false","0","0","","",""
"legacy/bhd-real-estate/config/start-desktop.bat","legacy",".bat","443","18","false","false","0","0","","",""
"legacy/bhd-real-estate/config/إصلاح-اختصار-سطح-المكتب.bat","legacy",".bat","577","16","false","false","0","0","","",""
"legacy/bhd-real-estate/config/تشغيل-التطبيق-المكتبي.bat","legacy",".bat","1113","36","false","false","0","0","","",""
"legacy/bhd-real-estate/css/main.css","legacy",".css","188442","6068","false","false","0","0","","",""
"legacy/bhd-real-estate/deploy/.env.example","legacy",".example","259","7","false","false","0","0","","",""
"legacy/bhd-real-estate/deploy/Caddyfile","legacy","(none)","85","0","false","false","0","0","","",""
"legacy/bhd-real-estate/deploy/Dockerfile","legacy","(none)","499","0","false","false","0","0","","",""
"legacy/bhd-real-estate/deploy/backup-scheduled.ps1","legacy",".ps1","1193","35","false","false","0","0","","",""
"legacy/bhd-real-estate/deploy/docker-compose.dev.yml","legacy",".yml","704","30","false","false","0","0","","",""
"legacy/bhd-real-estate/deploy/docker-compose.prod.yml","legacy",".yml","2841","96","false","false","0","0","","",""
"legacy/bhd-real-estate/deploy/docker-compose.stack.yml","legacy",".yml","1319","45","false","false","0","0","","",""
"legacy/bhd-real-estate/deploy/docker-compose.yml","legacy",".yml","529","21","false","false","0","0","","",""
"legacy/bhd-real-estate/deploy/seed-prod.cmd","legacy",".cmd","375","14","false","false","0","0","","",""
"legacy/bhd-real-estate/desktop/app-icon.png","legacy",".png","30870","0","false","false","0","0","","",""
"legacy/bhd-real-estate/desktop/bhd-real-estate.html","legacy",".html","3703501","68761","false","false","2","0","","localStorage;sessionStorage","document.write;innerHTML=;no-store;console.error;Math.random"
"legacy/bhd-real-estate/desktop/config-store.js","legacy",".js","1032","40","false","false","0","0","","",""
"legacy/bhd-real-estate/desktop/copy-assets.js","legacy",".js","758","24","false","false","0","0","","","console.log;console.error"
"legacy/bhd-real-estate/desktop/create-desktop-shortcut.ps1","legacy",".ps1","1325","34","false","false","0","0","","",""
"legacy/bhd-real-estate/desktop/data-path.js","legacy",".js","2564","80","false","false","0","0","","",""
"legacy/bhd-real-estate/desktop/file-storage-service.js","legacy",".js","9371","288","false","false","0","0","","",""
"legacy/bhd-real-estate/desktop/kv-keys.js","legacy",".js","1550","89","false","false","0","0","","",""
"legacy/bhd-real-estate/desktop/main.js","legacy",".js","14759","396","false","false","0","0","","","console.error"
"legacy/bhd-real-estate/desktop/package-lock.json","legacy",".json","194012","5249","false","false","0","0","","",""
"legacy/bhd-real-estate/desktop/package.json","legacy",".json","1954","68","false","false","0","0","","",""
"legacy/bhd-real-estate/desktop/preload.js","legacy",".js","2082","30","false","false","0","0","","",""
"legacy/bhd-real-estate/desktop/project-path.js","legacy",".js","1540","57","false","false","0","0","","",""
"legacy/bhd-real-estate/desktop/scripts/bhd/01-core-data.js","legacy",".js","155327","2895","false","false","0","0","","localStorage;sessionStorage","innerHTML=;no-store;console.error"
"legacy/bhd-real-estate/desktop/scripts/bhd/02-data-store.js","legacy",".js","69290","1388","false","false","0","0","","localStorage;sessionStorage","no-store;console.error"
"legacy/bhd-real-estate/desktop/scripts/bhd/03-import-contracts.js","legacy",".js","661757","13121","false","false","1","0","","localStorage;sessionStorage","innerHTML=;console.error;Math.random"
"legacy/bhd-real-estate/desktop/scripts/bhd/04-tasks-calendar.js","legacy",".js","190317","3453","false","false","0","0","","localStorage","innerHTML=;Math.random"
"legacy/bhd-real-estate/desktop/scripts/bhd/05-accounting.js","legacy",".js","763634","13368","false","false","0","0","","localStorage","innerHTML=;console.error;Math.random"
"legacy/bhd-real-estate/desktop/scripts/bhd/06-maintenance-init.js","legacy",".js","1418679","26149","false","false","1","0","","localStorage;sessionStorage","document.write;innerHTML=;console.error;Math.random"
"legacy/bhd-real-estate/desktop/scripts/إعداد-مسار-A.cmd","legacy",".cmd","0","0","false","false","0","0","","",""
"legacy/bhd-real-estate/desktop/scripts/تشغيل-الإنتاج.cmd","legacy",".cmd","1241","38","false","false","0","0","","",""
"legacy/bhd-real-estate/desktop/scripts/تشغيل-الخادم.cmd","legacy",".cmd","512","20","false","false","0","0","","",""
"legacy/bhd-real-estate/desktop/scripts/تشغيل-السحابة.cmd","legacy",".cmd","1724","55","false","false","0","0","","",""
"legacy/bhd-real-estate/desktop/scripts/تشغيل-للفريق.cmd","legacy",".cmd","808","28","false","false","0","0","","",""
"legacy/bhd-real-estate/desktop/scripts/فحص-مسار-A.cmd","legacy",".cmd","95","6","false","false","0","0","","",""
"legacy/bhd-real-estate/desktop/scripts/نسخ-احتياطي-السحابة.cmd","legacy",".cmd","315","12","false","false","0","0","","",""
"legacy/bhd-real-estate/desktop/scripts/هجرة-السحابة.cmd","legacy",".cmd","1966","80","false","false","0","0","","",""
"legacy/bhd-real-estate/desktop/scripts/هجرة-تلقائية.cmd","legacy",".cmd","587","23","false","false","0","0","","",""
"legacy/bhd-real-estate/desktop/sqlite-kv.js","legacy",".js","5501","170","false","false","0","0","","",""
"legacy/bhd-real-estate/desktop/styles/bhd-main.css","legacy",".css","183352","5905","false","false","0","0","","",""
"legacy/bhd-real-estate/desktop/styles/bhd-manifest.json","legacy",".json","1380","43","false","false","0","0","","",""
"legacy/bhd-real-estate/desktop/sync-service.js","legacy",".js","2447","68","false","false","0","0","","",""
"legacy/bhd-real-estate/desktop/تشغيل-التطبيق.cmd","legacy",".cmd","457","22","false","false","0","0","","",""
"legacy/bhd-real-estate/docs/CLOUD_ARCHITECTURE_PLAN.md","legacy",".md","19998","483","false","false","0","0","","localStorage",""
"legacy/bhd-real-estate/docs/DATA_MIGRATION.md","legacy",".md","1944","61","false","false","0","0","","",""
"legacy/bhd-real-estate/docs/LAUNCH_PATH_A.md","legacy",".md","4516","101","false","false","0","0","","",""
"legacy/bhd-real-estate/docs/PRODUCTION_DEPLOY.md","legacy",".md","3161","117","false","false","0","0","","",""
"legacy/bhd-real-estate/docs/TEAM_TESTING.md","legacy",".md","1878","49","false","false","0","0","","",""
"legacy/bhd-real-estate/docs/توصيات-التحسين.md","legacy",".md","8694","144","false","false","0","0","","localStorage",""
"legacy/bhd-real-estate/index.html","legacy",".html","3937","100","false","false","0","0","","","innerHTML=;console.log;console.error"
"legacy/bhd-real-estate/js/accounting.js","legacy",".js","74964","1000","false","false","0","0","","sessionStorage","document.write;innerHTML=;console.error"
"legacy/bhd-real-estate/js/addressbook.js","legacy",".js","55491","1000","false","false","0","0","","localStorage","console.error;Math.random"
"legacy/bhd-real-estate/js/app-main-raw.js","legacy",".js","637087","11994","false","false","1","0","","localStorage;sessionStorage","document.write;innerHTML=;console.error;Math.random"
"legacy/bhd-real-estate/js/app-main.js","legacy",".js","3541404","66325","false","false","2","0","","localStorage;sessionStorage;LegacyKv","document.write;innerHTML=;no-store;console.error;Math.random"
"legacy/bhd-real-estate/js/app-shell.js","legacy",".js","1215","33","false","false","0","0","","localStorage;sessionStorage",""
"legacy/bhd-real-estate/js/contracts.js","legacy",".js","83485","1500","false","false","0","0","","localStorage","document.write;innerHTML=;console.error"
"legacy/bhd-real-estate/js/dashboard.js","legacy",".js","50468","1000","false","false","0","0","","localStorage",""
"legacy/bhd-real-estate/js/data-store.js","legacy",".js","50164","1000","false","false","0","0","","",""
"legacy/bhd-real-estate/js/maintenance.js","legacy",".js","47906","1000","false","false","0","0","","localStorage;sessionStorage","innerHTML="
"legacy/bhd-real-estate/js/notifications.js","legacy",".js","46113","993","false","false","0","0","","localStorage;sessionStorage","console.error"
"legacy/bhd-real-estate/js/payment-gateways.js","legacy",".js","20534","435","false","false","0","0","","","innerHTML=;console.error"
"legacy/bhd-real-estate/js/reservations.js","legacy",".js","145507","3000","false","false","0","0","","localStorage;sessionStorage","document.write;innerHTML="
"legacy/bhd-real-estate/js/units.js","legacy",".js","59354","1000","false","false","0","0","","","document.write;innerHTML="
"legacy/bhd-real-estate/js/utils.js","legacy",".js","23615","500","false","false","0","0","","","document.write;innerHTML="
"legacy/bhd-real-estate/modules/01-nav.html","legacy",".html","19641","138","false","false","0","0","","",""
"legacy/bhd-real-estate/modules/02-dashboard.html","legacy",".html","12309","154","false","false","0","0","","",""
"legacy/bhd-real-estate/modules/03-notifications.html","legacy",".html","1563","23","false","false","0","0","","",""
"legacy/bhd-real-estate/modules/04-accounting.html","legacy",".html","1598","23","false","false","0","0","","",""
"legacy/bhd-real-estate/modules/05-maintenance.html","legacy",".html","1804","25","false","false","0","0","","",""
"legacy/bhd-real-estate/modules/06-addressbook.html","legacy",".html","26664","287","false","false","0","0","","",""
"legacy/bhd-real-estate/modules/07-contracts.html","legacy",".html","62918","538","false","false","0","0","","",""
"legacy/bhd-real-estate/modules/08-viewer.html","legacy",".html","1203","17","false","false","0","0","","",""
"legacy/bhd-real-estate/modules/09-reservations.html","legacy",".html","2939784","53488","false","false","3","0","","localStorage;sessionStorage;LegacyKv","document.write;innerHTML=;no-store;console.error;Math.random"
"legacy/bhd-real-estate/modules/10-payment-gateways.html","legacy",".html","19259","298","false","false","0","0","","",""
"legacy/bhd-real-estate/modules/body-raw.html","legacy",".html","270252","2556","false","false","0","0","","",""
"legacy/bhd-real-estate/patches/_apply_insurance_rest.py","legacy",".py","16952","0","false","false","0","0","","",""
"legacy/bhd-real-estate/patches/_fix_insight_ux2.py","legacy",".py","1341","0","false","false","0","0","","",""
"legacy/bhd-real-estate/patches/_insight_final.py","legacy",".py","23389","0","false","false","0","0","","",""
"legacy/bhd-real-estate/patches/_insight_header_sort_patch.py","legacy",".py","8501","0","false","false","0","0","","",""
"legacy/bhd-real-estate/patches/_patch_addressbook_company.py","legacy",".py","16440","0","false","false","0","0","","",""
"legacy/bhd-real-estate/patches/_patch_addressbook_company_js2.py","legacy",".py","33365","0","false","false","0","0","","",""
"legacy/bhd-real-estate/patches/_patch_company_cr_attach_signatory.py","legacy",".py","17514","0","false","false","0","0","","",""
"legacy/bhd-real-estate/patches/_patch_custom_rent_table.py","legacy",".py","15785","0","false","false","0","0","","",""
"legacy/bhd-real-estate/patches/_patch_insurance_summary.py","legacy",".py","18243","0","false","false","0","0","","",""
"legacy/bhd-real-estate/patches/_patch_multi_signatories.py","legacy",".py","42119","0","false","false","0","0","","",""
"legacy/bhd-real-estate/patches/_patch_reservation_tenant.py","legacy",".py","17411","0","false","false","0","0","","",""
"legacy/bhd-real-estate/patches/_patch_workspace_co_en.py","legacy",".py","7268","0","false","false","0","0","","",""
"legacy/bhd-real-estate/patches/_snip.py","legacy",".py","182","0","false","false","0","0","","",""
"legacy/bhd-real-estate/pay-slip-salary.html","legacy",".html","14149","395","false","false","0","0","","localStorage","innerHTML="
"legacy/bhd-real-estate/scripts/bhd/01-core-data.js","legacy",".js","155327","2895","false","false","0","0","","localStorage;sessionStorage","innerHTML=;no-store;console.error"
"legacy/bhd-real-estate/scripts/bhd/02-data-store.js","legacy",".js","69314","1388","false","false","0","0","","localStorage;sessionStorage","no-store;console.error"
"legacy/bhd-real-estate/scripts/bhd/03-import-contracts.js","legacy",".js","661757","13121","false","false","1","0","","localStorage;sessionStorage","innerHTML=;console.error;Math.random"
"legacy/bhd-real-estate/scripts/bhd/04-tasks-calendar.js","legacy",".js","190317","3453","false","false","0","0","","localStorage","innerHTML=;Math.random"
"legacy/bhd-real-estate/scripts/bhd/05-accounting.js","legacy",".js","763634","13368","false","false","0","0","","localStorage","innerHTML=;console.error;Math.random"
"legacy/bhd-real-estate/scripts/bhd/06-maintenance-init.js","legacy",".js","1418679","26149","false","false","1","0","","localStorage;sessionStorage","document.write;innerHTML=;console.error;Math.random"
"legacy/bhd-real-estate/scripts/إعداد-مسار-A.cmd","legacy",".cmd","0","0","false","false","0","0","","",""
"legacy/bhd-real-estate/scripts/تشغيل-الإنتاج.cmd","legacy",".cmd","1241","38","false","false","0","0","","",""
"legacy/bhd-real-estate/scripts/تشغيل-الخادم.cmd","legacy",".cmd","512","20","false","false","0","0","","",""
"legacy/bhd-real-estate/scripts/تشغيل-السحابة.cmd","legacy",".cmd","1724","55","false","false","0","0","","",""
"legacy/bhd-real-estate/scripts/تشغيل-للفريق.cmd","legacy",".cmd","808","28","false","false","0","0","","",""
"legacy/bhd-real-estate/scripts/فحص-مسار-A.cmd","legacy",".cmd","95","6","false","false","0","0","","",""
"legacy/bhd-real-estate/scripts/نسخ-احتياطي-السحابة.cmd","legacy",".cmd","315","12","false","false","0","0","","",""
"legacy/bhd-real-estate/scripts/هجرة-السحابة.cmd","legacy",".cmd","1966","80","false","false","0","0","","",""
"legacy/bhd-real-estate/scripts/هجرة-تلقائية.cmd","legacy",".cmd","587","23","false","false","0","0","","",""
"legacy/bhd-real-estate/server/.env.example","legacy",".example","1100","27","false","false","0","0","","",""
"legacy/bhd-real-estate/server/backup.js","legacy",".js","1602","51","false","false","0","0","","",""
"legacy/bhd-real-estate/server/db.js","legacy",".js","1558","55","false","false","0","0","","",""
"legacy/bhd-real-estate/server/index.js","legacy",".js","8135","242","false","false","0","0","","","console.log"
"legacy/bhd-real-estate/server/migrations/001_initial.sql","legacy",".sql","2556","90","false","false","0","0","","",""
"legacy/bhd-real-estate/server/migrations/002_file_entries_index.sql","legacy",".sql","173","3","false","false","0","0","","",""
"legacy/bhd-real-estate/server/package-lock.json","legacy",".json","31603","871","false","false","0","0","","",""
"legacy/bhd-real-estate/server/package.json","legacy",".json","494","20","false","false","0","0","","",""
"legacy/bhd-real-estate/start-desktop.bat","legacy",".bat","535","25","false","false","0","0","","",""
"legacy/bhd-real-estate/styles/bhd-main.css","legacy",".css","183352","5905","false","false","0","0","","",""
"legacy/bhd-real-estate/styles/bhd-manifest.json","legacy",".json","1380","43","false","false","0","0","","",""
"legacy/bhd-real-estate/tools/backup-postgres.js","legacy",".js","2902","92","false","false","4","0","","","console.log;console.error"
"legacy/bhd-real-estate/tools/enable-lan-access.js","legacy",".js","2512","76","false","false","4","0","","","console.log"
"legacy/bhd-real-estate/tools/ensure-server-cloud-env.js","legacy",".js","1492","45","false","false","3","0","","","console.log"
"legacy/bhd-real-estate/tools/find-rental-db.js","legacy",".js","1252","46","false","false","4","0","","","console.log"
"legacy/bhd-real-estate/tools/generate-jwt-secrets.js","legacy",".js","621","17","false","false","1","0","","","console.log"
"legacy/bhd-real-estate/tools/inspect-rental-db.js","legacy",".js","2528","79","false","false","3","0","","","console.log;console.error"
"legacy/bhd-real-estate/tools/load-api-env.js","legacy",".js","1037","34","false","false","3","0","projectRoot","",""
"legacy/bhd-real-estate/tools/load-test-api.js","legacy",".js","4008","109","false","false","1","1","","","console.log;console.error;Math.random"
"legacy/bhd-real-estate/tools/migrate-all-to-cloud.js","legacy",".js","1070","36","false","false","3","0","","","console.log"
"legacy/bhd-real-estate/tools/migrate-files-to-cloud.js","legacy",".js","4749","147","false","false","6","1","","Prisma","console.log;console.error"
"legacy/bhd-real-estate/tools/migrate-kv-to-pg.js","legacy",".js","6456","180","false","false","5","0","","Prisma","console.log;console.error"
"legacy/bhd-real-estate/tools/pick-best-rental-db.js","legacy",".js","2202","78","false","false","4","0","","","console.log"
"legacy/bhd-real-estate/tools/preflight-path-a.js","legacy",".js","3681","104","false","false","4","0","","","console.log"
"legacy/bhd-real-estate/tools/restore-postgres.js","legacy",".js","2319","84","false","false","4","0","","","console.log;console.error"
"legacy/bhd-real-estate/tools/smoke-test-api.js","legacy",".js","2719","82","false","false","1","1","","","console.log;console.error"
"legacy/bhd-real-estate/tools/test-company-isolation.js","legacy",".js","3238","98","false","false","3","0","","Prisma","console.log;console.error"
"legacy/bhd-real-estate/tools/verify-cloud-stack.js","legacy",".js","3149","108","false","false","1","1","","","console.log;console.error"
"legacy/bhd-real-estate/tools/verify-full-stack.js","legacy",".js","2128","65","false","false","1","1","","","console.log;console.error"
"legacy/bhd-real-estate/إصلاح-اختصار-سطح-المكتب.bat","legacy",".bat","574","16","false","false","0","0","","",""
"legacy/bhd-real-estate/إعداد-مسار-A.cmd","legacy",".cmd","78","4","false","false","0","0","","",""
"legacy/bhd-real-estate/انشاء موقع للعقارات .docx","legacy",".docx","44704","0","false","false","0","0","","",""
"legacy/bhd-real-estate/تشغيل-الإنتاج.cmd","legacy",".cmd","82","4","false","false","0","0","","",""
"legacy/bhd-real-estate/تشغيل-التطبيق-المكتبي.bat","legacy",".bat","650","31","false","false","0","0","","",""
"legacy/bhd-real-estate/تشغيل-الخادم.cmd","legacy",".cmd","80","4","false","false","0","0","","",""
"legacy/bhd-real-estate/تشغيل-السحابة.cmd","legacy",".cmd","82","4","false","false","0","0","","",""
"legacy/bhd-real-estate/تشغيل-للفريق.cmd","legacy",".cmd","80","4","false","false","0","0","","",""
"legacy/bhd-real-estate/فحص-مسار-A.cmd","legacy",".cmd","74","4","false","false","0","0","","",""
"legacy/bhd-real-estate/نسخ-احتياطي-السحابة.cmd","legacy",".cmd","93","4","false","false","0","0","","",""
"legacy/bhd-real-estate/هجرة-السحابة.cmd","legacy",".cmd","80","4","false","false","0","0","","",""
"legacy/bhd-real-estate/هجرة-تلقائية.cmd","legacy",".cmd","80","4","false","false","0","0","","",""
"lib/accounting/ai/analyticsEngine.ts","lib",".ts","4904","143","true","false","1","1","FinancialRatio;AgingBucket;AnomalyAlert;RiskFlag;detectAnomalies;calculateLiquidityRatio;calculateAging;suggestAccount","",""
"lib/accounting/ai/arabicOcrNormalize.ts","lib",".ts","559","16","true","false","0","0","normalizeArabicOcrText","",""
"lib/accounting/ai/invoiceOcrEngine.ts","lib",".ts","5949","163","true","false","1","1","ScannedInvoiceDraft;parseInvoiceFromText","",""
"lib/accounting/ai/journalAccountSuggest.ts","lib",".ts","1055","19","true","false","1","1","resolveJournalAccountSuggestion","",""
"lib/accounting/ai/pdfTextExtract.ts","lib",".ts","713","21","true","false","2","0","extractTextFromAccountingPdfUrl","",""
"lib/accounting/ai/suggestEntryEngine.ts","lib",".ts","4466","139","true","false","2","2","SuggestedJournalLine;SuggestEntryResult;suggestJournalEntryFromText","",""
"lib/accounting/api/client.ts","lib",".ts","10746","305","true","false","0","0","fetchAccountingData;fetchJournalEntries;fetchDocuments;fetchAccounts;createJournalEntry;createDocument;fetchForecast;fetchReports;fetchPeriods;lockPeriod;fetchAuditLog;fetchJournalEntriesPage;fetchDocumentsPage;fetchVatReport;fetchAgingReport;scanInvoiceFromText;fetchCashFlowReport;fetchPeriodCompareReport;fetchBankStatementReport;fetchPropertyLedgerReport;suggestJournalEntry","",""
"lib/accounting/audit/auditEngine.ts","lib",".ts","1787","46","true","false","2","2","appendAuditLog;getAuditLog;getEntityAuditChain","","Math.random"
"lib/accounting/chartOfAccounts.ts","lib",".ts","9864","154","true","false","2","1","DefaultAccount;DEFAULT_CHART_OF_ACCOUNTS;initializeChartOfAccounts;createAccount;getAccountBalance","Prisma","console.error"
"lib/accounting/compliance/periodEngine.ts","lib",".ts","3862","121","true","false","3","3","getFiscalPeriods;getPeriodByDate;isPeriodLocked;lockPeriod;unlockPeriod;createFiscalPeriod;ensureDefaultPeriods","localStorage","Math.random"
"lib/accounting/core.ts","lib",".ts","8876","291","true","false","2","1","CreateJournalEntryInput;JournalEntryValidation;validateJournalEntry;createJournalEntry;postJournalEntry;getTrialBalance;getAccountLedger","Prisma","console.error"
"lib/accounting/dashboard/accountStats.ts","lib",".ts","2111","80","true","false","1","1","FinancialKpis;computeFinancialKpisFromAccounts","",""
"lib/accounting/dashboard/monthlyTrends.ts","lib",".ts","1611","46","true","false","1","1","MonthlyTrendSeries;computeMonthlyTrendSeries","",""
"lib/accounting/data/dbService.ts","lib",".ts","50560","1312","true","false","3","2","ACCOUNTING_DEFAULT_PAGE_SIZE;ACCOUNTING_MAX_PAGE_SIZE;ensureAccountingAccounts;ensureChequeReceivableAccount;ensureSubscriptionRevenueAccount;ensurePropertyRentRevenueAccount;ensureFiscalPeriods;getFiscalPeriodsFromDb;lockPeriodInDb;isPeriodLockedForDate;recomputeAccountBalances;getAccountsFromDb;getJournalEntriesFromDb;countJournalEntriesFromDb;getJournalEntriesPageFromDb;createJournalEntryInDb;getDocumentsFromDb;countDocumentsFromDb;getDocumentsPageFromDb;createDocumentInDb;updateDocumentInDb;updateDocumentContactInDb;updateJournalStatusInDb;getDocumentByIdFromDb;createBookingReceiptInDb;syncPaidBookingsToAccountingDb;syncSubscriptionHistoryToAccountingDb;updateDocumentStatusInDb;getVatReportFromDb;getAgingReportFromDb;getBankLedgerFromDb;getCashFlowFromDb;getPeriodCompareFromDb;getBankStatementFromDb;getPropertyLedgerFromDb;getAccountingDataForPage","Prisma","console.error"
"lib/accounting/data/storage.ts","lib",".ts","1526","53","true","false","0","0","KEYS;STORAGE_KEYS;getStored;saveStored;getStoredObject;saveStoredObject","localStorage",""
"lib/accounting/domain/types.ts","lib",".ts","3323","157","true","false","0","0","AccountType;DocumentType;DocumentCategory;DocumentStatus;AuditAction;ChartAccount;JournalLine;JournalEntry;AccountingDocument;DocumentItem;FiscalPeriod;AuditLogEntry","",""
"lib/accounting/engine/journalEngine.ts","lib",".ts","6696","180","true","false","4","4","createJournalEntry;updateJournalEntry;reverseJournalEntry;cancelJournalEntry;getAllJournalEntries","","Math.random"
"lib/accounting/financialStatements/balanceSheet.ts","lib",".ts","10092","284","true","false","3","3","BalanceSheetAccount;BalanceSheetSection;BalanceSheet;generateBalanceSheet;BalanceSheetAnalysis;analyzeBalanceSheet;validateBalanceSheet","",""
"lib/accounting/financialStatements/incomeStatement.ts","lib",".ts","10218","298","true","false","3","3","IncomeStatementAccount;IncomeStatementSection;IncomeStatement;generateIncomeStatement;IncomeStatementAnalysis;analyzeIncomeStatement;validateIncomeStatement","",""
"lib/accounting/forms/formFactories.ts","lib",".ts","3517","121","true","false","2","2","InvoiceScanDraft;AccountFormState;todayIso;docTypeUsesLineItems;createEmptyDocForm;docFormFromInvoiceScan;createEmptyJournalForm;createEmptyAccountForm;createEmptyChequeForm","",""
"lib/accounting/hooks/accountingHubControllerKeys.ts","lib",".ts","481","21","true","false","0","0","ACCOUNTING_HUB_CONTROLLER_KEYS;AccountingHubControllerKey","",""
"lib/accounting/hooks/useAccountingDbReports.ts","lib",".ts","10052","263","true","true","4","3","useAccountingDbReports","",""
"lib/accounting/hooks/useAccountingFormDraft.ts","lib",".ts","863","31","true","false","2","1","useAccountingFormDraft","",""
"lib/accounting/hooks/useAccountingHub.ts","lib",".ts","15907","385","true","true","12","11","useAccountingHub","","no-store"
"lib/accounting/hooks/useAccountingHubAnalytics.ts","lib",".ts","6281","196","true","true","8","7","AccountingHubStats;useAccountingHubAnalytics","",""
"lib/accounting/hooks/useAccountingHubController.ts","lib",".ts","5784","179","true","true","10","8","useAccountingHubController;AccountingHubController","",""
"lib/accounting/hooks/useAccountingHubForms.ts","lib",".ts","4544","135","true","true","7","6","useAccountingHubForms","",""
"lib/accounting/hooks/useAccountingHubNavigation.ts","lib",".ts","1841","50","true","true","5","3","useAccountingHubNavigation","",""
"lib/accounting/hooks/useAccountingSource.ts","lib",".ts","284","9","true","false","0","0","USE_ACCOUNTING_DB","localStorage",""
"lib/accounting/index.ts","lib",".ts","447","13","true","false","0","0","","",""
"lib/accounting/ledger/generalLedger.ts","lib",".ts","9209","321","true","false","2","2","roundAmount;LedgerAccount;LedgerTransaction;TrialBalance;TrialBalanceAccount;calculateAccountBalance;generateTrialBalance;getAccountStatement;validateLedgerBalance","",""
"lib/accounting/navigation/buildAccountingHubPath.ts","lib",".ts","674","17","true","false","2","2","buildAccountingHubPath","",""
"lib/accounting/period/periodClosing.ts","lib",".ts","13598","419","true","false","6","6","ClosingEntry;PeriodClosingResult;closePeriod;openPeriod;validatePeriodClosing;getPeriodClosingReport","",""
"lib/accounting/rbac/apiAuth.ts","lib",".ts","3682","103","true","false","7","3","getAccountingRoleFromRequest;requirePermission","",""
"lib/accounting/rbac/permissions.ts","lib",".ts","1779","72","true","false","0","0","AccountingRole;AccountingPermission;hasPermission;getRoleFromUserRole","",""
"lib/accounting/reports/agingReport.ts","lib",".ts","2603","99","true","false","1","1","AgingLine;AgingReportResult;buildAgingReport","",""
"lib/accounting/reports/bankReconciliation.ts","lib",".ts","3561","119","true","false","0","0","BookLedgerLine;StatementLine;ReconciliationMatch;ReconciliationResult;computeBookBalance;computeStatementBalance;reconcileBankLines;parseBankStatementCsv","",""
"lib/accounting/reports/cashFlowReport.ts","lib",".ts","1180","54","true","false","0","0","CashFlowReport;buildCashFlowFromJournalLines","",""
"lib/accounting/reports/periodCompareReport.ts","lib",".ts","2254","62","true","false","0","0","previousPeriodRange;PeriodCompareReport;buildPeriodCompareReport","",""
"lib/accounting/reports/vatFtaExport.ts","lib",".ts","4110","114","true","false","1","1","VatFtaExportPayload;buildVatFtaExportPayload;buildVatFtaExportXml","",""
"lib/accounting/reports/vatReport.ts","lib",".ts","3049","121","true","false","0","0","VatReportLine;VatReportSummary;VatReportResult;buildVatReportFromDocuments","",""
"lib/accounting/rules/dbPostingRules.ts","lib",".ts","9620","297","true","false","1","1","DbPostingDoc;buildJournalLinesForDocument;postDocumentToDb","",""
"lib/accounting/rules/postingRulesEngine.ts","lib",".ts","10282","285","true","false","3","3","generatePostingLines;postDocument","",""
"lib/accounting/standards/ifrsCompliance.ts","lib",".ts","7672","225","true","false","0","0","IFRSStandard;IFRS_STANDARDS;AccountingPrinciple;ACCOUNTING_PRINCIPLES;ComplianceCheck;checkIFRSCompliance;generateComplianceReport","",""
"lib/accounting/tax/taxEngine.ts","lib",".ts","15257","444","true","false","3","3","TaxRate;TaxTransaction;TaxPeriod;TaxReport;IncomeTaxCalculation;TaxSummary;calculateVAT;createTaxTransaction;calculateIncomeTax;calculateWithholdingTax;generateTaxReport;validateTaxCompliance","","Math.random"
"lib/accounting/types/formTypes.ts","lib",".ts","1217","58","true","false","1","1","DocFormLineItem;AccountingDocFormState;ChequeFormState;JournalLineFormState;JournalFormState","",""
"lib/accounting/types/pageData.ts","lib",".ts","543","16","true","false","1","1","AccountingInitialData","",""
"lib/accounting/ui/accountTypeLabels.ts","lib",".ts","532","12","true","false","1","1","ACCOUNT_TYPE_LABELS;ACCOUNT_TYPE_ORDER","",""
"lib/accounting/ui/documentLabels.ts","lib",".ts","817","17","true","false","1","1","DOC_TYPE_LABELS","",""
"lib/accounting/ui/draftKeys.ts","lib",".ts","246","8","true","false","0","0","ACCOUNTING_DRAFT_KEYS","localStorage",""
"lib/accounting/ui/hubRefactorManifest.ts","lib",".ts","1116","31","true","false","0","0","ACCOUNTING_HUB_REFACTOR_MANIFEST;AccountingHubRefactorManifest","",""
"lib/accounting/ui/hubTabIds.ts","lib",".ts","1897","63","true","false","0","0","ACCOUNTING_HUB_TAB_IDS;AccountingHubTabId;AccountingHubTabIdConst;DEFAULT_ACCOUNTING_HUB_TAB;ACCOUNTING_HUB_E2E_TAB_ORDER;ACCOUNTING_HUB_MODAL_ACTION_TABS;AccountingHubModalActionTab;isAccountingHubTabId;parseAccountingHubTabId;isAccountingHubModalActionTab","",""
"lib/accounting/ui/paymentFlowLabels.ts","lib",".ts","1412","28","true","false","2","2","resolvePaymentFromAccount;resolvePaymentToAccount","",""
"lib/accounting/ui/reportLabels.ts","lib",".ts","1416","41","true","false","0","0","ReportViewId;REPORT_LABELS;REPORT_TAB_ORDER;REPORT_URL_IDS","",""
"lib/accounting/ui/salesPurchasesModules.ts","lib",".ts","3065","55","true","false","1","1","SALES_MODULES;PURCHASES_MODULES;salesModuleDocType;purchasesModuleDocType;salesModulePreset","",""
"lib/addressBook/contactDuplicates.ts","lib",".ts","6494","148","true","false","1","1","findDuplicateContactFieldsInList;findDuplicateContactGroupsFromList;mergeContactGroup","",""
"lib/addressBook/parseContactsCsv.ts","lib",".ts","3777","101","true","false","1","1","parseContactsCsv","localStorage",""
"lib/admin/customReportExport.ts","lib",".ts","4246","99","true","false","0","0","CustomReportSource;CustomReportColumn;CUSTOM_REPORT_SOURCES;rowsToCsv;downloadCsv;fetchCustomReportRows","","no-store"
"lib/admin/dashboardInsights.ts","lib",".ts","11518","317","true","false","0","0","InsightPriority;DashboardInsight;PriorityItem;ActivityItem;AdminDashboardSnapshot;PortalDashboardSnapshot;buildAiBrief;generateAdminInsights;generatePortalInsights;computeHealthScore","",""
"lib/analytics.ts","lib",".ts","753","29","true","false","1","1","trackPageView;trackEvent","",""
"lib/analytics/smartAnalytics.ts","lib",".ts","16079","488","true","false","0","0","SmartAnalytics;smartAnalytics","","Math.random"
"lib/api-guard.ts","lib",".ts","1801","45","true","false","3","1","GuardOptions;apiGuard;withAuth","",""
"lib/api/fetchPaginatedList.ts","lib",".ts","1410","35","true","false","0","0","PaginatedListQuery;fetchPaginatedList","",""
"lib/archive/index.ts","lib",".ts","8738","231","true","false","2","2","ArchiveEntityType;UserRole;canArchive;canRestore;ArchiveOptions;ArchiveResult;archiveEntity;searchArchive;RestoreResult;restoreEntity;getRestoreLogs;runAutoArchive","Prisma",""
"lib/audit.ts","lib",".ts","761","28","true","false","1","1","AuditPayload;logAudit","Prisma","console.error"
"lib/auth.ts","lib",".ts","11424","265","true","false","13","7","authOptions","Prisma","console.error"
"lib/auth/adminPermissions.ts","lib",".ts","5875","141","true","false","0","0","ADMIN_PERMISSIONS;AdminPermission;SessionUser;DataScope;getDataScope;hasAdminPermission;canAccessProperty;propertyScopeWhere;getUserRole;propertyAccess","",""
"lib/auth/getAuthSubFromRequest.ts","lib",".ts","2895","87","true","false","6","2","getAuthTokenFromRequest;getAuthSubFromRequest","",""
"lib/auth/guard.ts","lib",".ts","1634","50","true","false","5","3","GuardContext;requireAuth;requireRoles","",""
"lib/auth/permissions.ts","lib",".ts","3019","61","true","false","2","2","canAccessRoute;getDefaultRouteForRole","",""
"lib/auth/roles.ts","lib",".ts","859","30","true","false","0","0","SYSTEM_ROLES;SystemRole;normalizeRole;isAdminLikeRole","",""
"lib/bhd/apps.ts","lib",".ts","3250","127","true","false","0","0","BhdAppMode;BhdApp;BHD_APP_SWITCHER_SPEC;BHD_APPS","",""
"lib/bhd/identity.ts","lib",".ts","5764","169","true","false","2","1","BHD_OAUTH_STATE_COOKIE;IDENTITY_ISSUER_ALIASES;BhdOAuthState;identityIssuer;oauthClientId;oauthClientSecret;oauthRedirectUri;randomUrlToken;sha256Base64Url;isSafeNextPath;oauthStateCookieOptions;parseOAuthState;exchangeAuthorizationCode;allowedIssuers;IdentityProfile;readVerifiedIdentityProfile","",""
"lib/bhd/nextAuthCookie.ts","lib",".ts","1798","58","true","false","3","2","ProductSessionUser;nextAuthCookieName;nextAuthCookieOptions;encodeProductSessionToken","",""
"lib/bhd/session.ts","lib",".ts","275","5","true","false","0","0","SESSION_IDLE_MAX_AGE_SEC;BHD_IDENTITY_ISSUER_DEFAULT;BHD_OFFICE_CLIENT_ID","",""
"lib/client/addressBookServerApi.ts","lib",".ts","5821","161","true","true","1","1","AddressBookSaveErrorCode;AddressBookSaveError;fetchAddressBookListFromServer;fetchLinkedContactFromServer;patchLinkedContactOnServer;saveContactToServer;buildNewContactForServer;applyContactUpdateOnServer;setContactArchivedOnServer","","no-store"
"lib/client/adminTheme.ts","lib",".ts","1562","51","true","false","0","0","AdminTheme;getAdminTheme;setAdminTheme;resolveAdminTheme;applyAdminTheme;initAdminTheme;ADMIN_THEME_EVENT","localStorage",""
"lib/client/portalDashboardHelpers.ts","lib",".ts","4344","120","true","false","2","2","buildClientPendingTasks;buildOwnerPendingTasks;fetchUnreadNotificationsCount;fetchOpenMaintenanceTasks","","no-store"
"lib/config/adminNav.ts","lib",".ts","18218","327","true","false","0","0","NavItemWithSection;getAllPermissionSections;getFullNavItemsForPermissions;getSectionLabelKey;AdminNavGroupItem;AdminNavSubGroup;AdminNavGroup;getAdminNavGroupsConfig;PermissionGroupForSettings;getPermissionGroupsForSettings;getPersonalDashboardSectionsForSettings","",""
"lib/config/dashboardRoles.ts","lib",".ts","8048","173","true","false","2","2","RoleKey;DashboardType;ROLE_TO_DASHBOARD_TYPE;DashboardSectionKey;NavItemWithSection;RoleDashboardConfig;ALL_PERMISSION_SECTIONS;defaultDashboardConfigs;getDashboardConfigForRole;isSectionEnabledForRole;DashboardTypeConfig;ALL_DASHBOARD_TYPES;defaultDashboardConfigsByType","",""
"lib/config/userPortalRoutes.ts","lib",".ts","1246","36","true","false","0","0","PORTAL_PAGE_PATHS;PortalPagePath;stripLocale;isPathAllowedForPortalUser","",""
"lib/contexts/ImpersonationContext.tsx","lib",".tsx","3101","95","true","true","2","0","ImpersonationUser;ImpersonationProvider;useImpersonation;useEffectiveUser","sessionStorage",""
"lib/contractCalculations.ts","lib",".ts","4163","102","true","false","0","0","calcMunicipalityFees;calcGracePeriodDays;calcGracePeriodAmount;calcVAT;calcEndDate;calcAnnualRent;calcRentFromArea;calcRentBaseForFees;calcOtherTax","",""
"lib/data/accounting.ts","lib",".ts","54388","1289","true","false","5","5","AccountType;DocumentType;DocumentStatus;ChartAccount;JournalLine;JournalEntry;AccountingDocument;DocumentItem;getChartOfAccounts;getAccountById;getAccountDisplayByLevel;FiscalSettings;getFiscalSettings;saveFiscalSettings;createAccount;updateAccount;createJournalEntry;updateJournalEntry;cancelJournalEntry;getAllJournalEntries;searchJournalEntries;getNextDocumentSerial;createDocument;PostUnpostedResult;postUnpostedDocuments;getAllDocuments;searchDocuments;getDocumentById;updateDocument;cancelDocument;getAccountBalance;getBankAccountLedger;getPropertyOrContactLedger;getBankAccountBalance;getAccountLedger;TrialBalanceLine;getTrialBalance;IncomeStatementSection;getIncomeStatement;getBalanceSheet;getCashFlowStatement;getAccountLedgerWithBalance;aiSuggestAccount;aiSuggestJournalLines;aiDetectAnomalies;createOpeningBalanceEntry","localStorage","no-store;Math.random"
"lib/data/addressBook.ts","lib",".ts","77656","1754","true","false","4","4","ContactCategory;ContactAddress;contactAddressHasUsableContent;ContactGender;ContactType;AUTHORIZED_REP_TAG_AR;AUTHORIZED_REP_TAG_EN;AuthorizedRepresentative;validatePhoneWithCountryCode;validateCivilIdExpiry;validatePassportExpiry;AddressBookFileRef;ContactAttachmentFiles;Contact;getContactDisplayName;isCompanyContact;getContactProfileIssuesForContractApproval;getContactProfileIssuesBasicAccount;isContactProfileCompleteForContractApproval;isAuthorizedRepresentative;getLinkedCompanyName;getLinkedRepPosition;getRepDisplayName;buildRepNameFromParts;getCompaniesForRep;getLinkedRepDisplayItems;getLinkedRepDisplay;getContactDisplayFull;getContactDisplayByLevel;getContactLocalizedField;isOmaniNationality;persistAddressBookContactsLocally;rewriteLocalAddressBookDeduped;clearAddressBookLocalStorage;newContactId;generateContactSerialNumberFromList;getAllContacts;getContactById;contactRevisionMs;mergeAddressBookApiWithLocal;SyncAddressBookApiResult;syncContactToAddressBookApi;findContactByEmail;findContactByUserId;findDuplicateSerialNumber;mergeServerContactIntoLocalStorage;getContactForUser;syncContactsFromUsers;getContactsByCategory;getAllPersonalContacts;findContactsByCivilIdOrName;findContactsBySerialPrefix;searchContacts;CreateContactOptions;createContact;updateContact;normalizePhoneForComparison;findDuplicateContactFieldsInList;findDuplicateContactFields;findContactForBookingSearch;findContactByPhoneOrEmail;findDuplicateContactGroups;mergeDuplicateContacts;setContactCategoryForBooking;ensureContactFromBooking;ensureCompanyContactFromBooking;archiveContact;restoreContact;deleteContact;exportContactsToCsv;importContactsFromCsv","localStorage","no-store;Math.random"
"lib/data/addressBookDedupeShared.ts","lib",".ts","5925","155","true","false","0","0","AddressBookDedupeRow;normPhoneForDedupe;getDuplicateDropContactIds;dedupeContactsList","",""
"lib/data/ads.ts","lib",".ts","6258","181","true","false","0","0","AdType;AdPosition;FloatingPosition;Ad;getAds;getEnabledAdsForPage;addAd;updateAd;deleteAd;toggleAdEnabled;AD_POSITION_LABELS;AD_TYPE_LABELS;AD_IMAGE_SIZES;FLOATING_POSITION_LABELS;PAGE_IDS","localStorage","no-store"
"lib/data/backup.ts","lib",".ts","6414","156","true","false","1","1","resetAllOperationalData;clearClientCachesAfterServerDbReset;clearOperationalClientDataForNewAuthUser","localStorage",""
"lib/data/bankAccounts.ts","lib",".ts","7483","236","true","false","0","0","BankAccountPurpose;BankAccount;getAllBankAccounts;getActiveBankAccounts;getDefaultBankAccount;getBankAccountById;getBankAccountDisplay;searchBankAccounts;createBankAccount;updateBankAccount;deleteBankAccount;setDefaultBankAccount;isValidOmaniIban;formatIbanForDisplay","localStorage","no-store;Math.random"
"lib/data/bookingChecks.ts","lib",".ts","10344","268","true","false","0","0","BookingCheckEntry;getChecksByBooking;saveBookingChecks;applyChecksSnapshot;updateCheckEntry;approveCheck;areAllChecksApproved;rejectCheck","localStorage","no-store"
"lib/data/bookingContractLabels.ts","lib",".ts","4893","107","true","false","0","0","ContractKind;ContractStageLike;resolveContractKind;getTenantActorLabel;getOwnerActorLabel;getWaitingForTenantSignatureLabel;getWaitingForOwnerSignatureLabel;getActiveContractBookingLabel;getContractStageStatusLabel;getAdminContractListStatusLabel;isAdminRoleForContractFinalize","",""
"lib/data/bookingContractStage.ts","lib",".ts","3438","71","true","false","1","1","inferBookingContractStage;getContractReviewDisplayStage","",""
"lib/data/bookingDocuments.ts","lib",".ts","18083","522","true","false","0","0","DocumentStatus;DocumentFileItem;BookingDocument;fetchBookingDocumentsFromServer;ensureBookingDocumentsHydrated;applyDocumentsSnapshot;getDocumentsByBooking;getDocumentById;createDocumentRequests;addMissingDocumentRequests;addCustomDocumentRequest;getDocumentFiles;hasRejectedFiles;uploadDocument;replaceFileInDocument;removeFileFromDocument;rejectFile;unresectFile;approveDocument;removeDocumentRequest;removeDocumentRequestsByTypes;rejectDocument;areAllRequiredDocumentsApproved;hasDocumentsNeedingConfirmation;formatDocumentTimestamp","localStorage","no-store;Math.random"
"lib/data/bookingTerms.ts","lib",".ts","20987","350","true","false","1","1","ContractType;CONTRACT_TYPES;CONTRACT_DOC_TYPES;ContractDocTypeId;ContractDocRequirement;CHECK_TYPES;CheckTypeId;RequiredCheck;ContractTypeTerms;PropertyBookingTerms;DEFAULT_CONTRACT_DOC_REQUIREMENTS;getPropertyBookingTerms;getContractTypeTerms;savePropertyBookingTerms;getRequiredDocTypesForBooking;buildCompanyDocRequirementsFromTerms;getPreBookingIdentityRequirementsPersonal;CHEQUE_OWNER_DOC_TYPE_IDS;getChequeOwnerExtraDocRequirements;saveContractTypeTerms","localStorage","no-store"
"lib/data/bookingUploadEligibility.ts","lib",".ts","349","8","true","false","1","1","isBookingStatusEligibleForDocumentUpload","",""
"lib/data/bookings.ts","lib",".ts","35364","786","true","false","5","5","BookingType;BookingStatus;BookingContactType;PropertyBooking;BookingCancellationRequest;canCreateBooking;hasUserActiveBookingForProperty;getUserActiveBookingForProperty;getBookingDisplayName;isCompanyBooking;getUnitDisplayFromProperty;syncPaidBookingsToAccounting;prepareBookingForSave;persistBookingLocally;createBooking;getBookingsByProperty;getAllBookings;mergeBookingsFromServer;fetchPublicContractBookingsFromServer;syncBookingContactsToAddressBook;updateBookingStatus;updateBooking;hasBookingFinancialLinkage;getBookingsPendingAccountantConfirmation;confirmBookingReceiptByAccountant;deleteBooking;getBookingsPendingCancellation;hasPendingCancellationRequest;requestBookingCancellation;completeCancellationByAccountant","localStorage","no-store;Math.random"
"lib/data/communicationTemplates.ts","lib",".ts","7004","204","true","false","0","0","CommunicationTemplateCategory;CommunicationTemplate;CommunicationTemplatesStore;DEFAULT_COMMUNICATION_TEMPLATES;hydrateCommunicationTemplatesFromServer;getCommunicationTemplates;getDefaultCommunicationTemplate;updateCommunicationTemplate","localStorage","no-store"
"lib/data/companyData.ts","lib",".ts","3603","113","true","false","1","1","SignatureType;CompanyData;getCompanyData;saveCompanyData","localStorage","no-store"
"lib/data/contactCategoryPermissions.ts","lib",".ts","4341","130","true","false","2","2","PermissionRole;PERMISSIONS_EVENT;ALL_CATEGORIES;ContactCategoryOrCompany;PermissionsStore;getAllowedCategoriesForRole;setAllowedCategoriesForRole;resetToDefaults;canRoleAccessCategory;filterContactsByRolePermissions","localStorage","no-store"
"lib/data/contactLinks.ts","lib",".ts","22983","537","true","false","7","7","ContractDisplayStatus;ContactLinkedBooking;ContactLinkedContract;getContactLinkedBookings;getContactLinkedBookingsFromServerBookings;getContactLinkedContractsFromServerContracts;getContactLinkedContractsFromServer;getContactLinkedContracts;getContactLinkedContractsFromServerBookings;getLandlordContractsFromServerBookings;getContactLinkedBookingDocuments;getContactLinkedBookingDocumentsFromServerBookings;deriveContactCategoriesFromLinks;getContactDerivedCategories;getContactDerivedCategoriesFromServer;BookingMatchIndex;buildBookingMatchIndex;getContactLinkedBookingsFromIndex;ContactLinkCache;buildContactLinkCache;isContactLinked;isContactLinkedFromServer","localStorage",""
"lib/data/contractChecks.ts","lib",".ts","3287","108","true","false","0","0","ContractCheckEntry;getChecksByContract;saveContractChecks","localStorage","no-store"
"lib/data/contracts.ts","lib",".ts","37448","840","true","false","3","3","ContractStatus;CheckType;CheckInfo;RentalContract;ContractApprovalActor;getAllContracts;mergeContractsFromServer;fetchContractsFromServer;ensureContractsHydrated;fetchContractByIdFromServer;syncAllContractsToServer;getContractById;getContractsByProperty;getContractByBooking;resolveContractFromBooking;bookingHasServerContract;hasActiveContractForUnitFromServer;hasContractForUnitFromServer;resolveContractForBookingFromServer;hasActiveContractForUnit;hasContractForUnit;createContract;updateContract;getContractMissingFields;isContractDataComplete;approveContractByAdmin;approveContractByTenant;approveContractByLandlord;revertContractToDraft;approveContractByAdminFinal;cancelContract;finalizeContractApproval","localStorage","no-store;Math.random"
"lib/data/countryDialCodes.ts","lib",".ts","17971","280","true","false","0","0","CountryDialCode;COUNTRY_DIAL_CODES;DEFAULT_DIAL_CODE;getCountryDialCodesWithOmanFirst;parsePhoneToCountryAndNumber;searchCountryDialCodes","",""
"lib/data/dashboardSettings.ts","lib",".ts","8044","175","true","false","2","2","DASHBOARD_SETTINGS_EVENT;DashboardSettingsStore;setServerDashboardSettings;loadDashboardSettingsFromServer;getDashboardSettings;getSectionsForRole;setSectionsForRole;resetToDefaults;disableSectionForAll;enableSectionForAll;disableAllForType;enableAllForType;getEffectiveDashboardConfig","localStorage",""
"lib/data/documentTemplateConstants.ts","lib",".ts","1262","30","true","false","0","0","SIGNATURE_SIZE;STAMP_SIZE;LOGO_SIZE_OPTIONS;LOGO_SIZE_DEFAULT;TemplateVariant;TEMPLATE_VARIANT_LABELS;PAPER_SIZES","",""
"lib/data/documentTemplates.ts","lib",".ts","9046","210","true","false","1","1","TemplateStyle;PageOrientation;HeaderLayout;DocumentTemplateSettings;TemplateType;getTemplates;getDefaultTemplate;updateTemplate;setDefaultTemplate;getTemplateTypeForDocType","localStorage","no-store"
"lib/data/migrateBookingIdentityDocs.ts","lib",".ts","3458","94","true","false","4","4","migrateLegacyBookingIdentityDocumentsForBookings","",""
"lib/data/nationalities.ts","lib",".ts","10114","230","true","false","0","0","NationalityOption;NATIONALITIES;getAllNationalityValues;getNationalitySelectOptions;normalizeNationalityToArabic","",""
"lib/data/omanLocations.ts","lib",".ts","14165","152","true","false","0","0","Village;StateWithVillages;GovernorateWithLocations;omanLocations","",""
"lib/data/omaniBanks.ts","lib",".ts","3856","54","true","false","0","0","OmaniBank;OMANI_BANKS;getSwiftCodeForBank","",""
"lib/data/ownerLandlordMatch.ts","lib",".ts","5207","116","true","false","1","1","LandlordMatchContext;normPhoneLast8;contractDataMatchesLandlord;getSerialNumberForStaticPropertyId;bookingMatchesOwnerPropertyPortfolio;bookingRelevantToOwnerContext;bookingMatchesClientRecord;bookingVisibleToOwner","",""
"lib/data/printOptions.ts","lib",".ts","2749","80","true","false","0","0","ContactDisplayLevel;PropertyDisplayLevel;AccountDisplayLevel;DEFAULT_PRINT_OPTIONS;getStoredPrintOptions;savePrintOptions","localStorage","no-store"
"lib/data/projects.ts","lib",".ts","10746","225","true","false","0","0","projects;getProjectDisplayText","",""
"lib/data/properties.ts","lib",".ts","36895","820","true","false","0","0","VillaApartmentData;PropertyBusinessStatus;UnitOverride;PropertyOverrides;PropertyDataOverrides;getPropertyDataOverrides;migratePropertyStorage;getPropertyOverrides;Property;properties;getPropertyById;getPropertyDisplayByLevel;getPropertyDisplayText;updateProperty;updatePropertyUnit;getUnitOverride;addPropertyUnit;createProperty;getUnitSerialNumber;PropertyListing;getPublishedProperties","localStorage","no-store"
"lib/data/propertyExtraData.ts","lib",".ts","6424","142","true","false","2","2","isPropertyExtraDataComplete;EXCLUDED_EXTRA_DATA_DISPLAY_KEYS;getPropertyExtraDataDisplayText;getPropertyExtraDataPairs;getMissingExtraDataFields","",""
"lib/data/propertyExtraDataValidation.ts","lib",".ts","2001","69","true","false","2","2","isPropertyExtraDataComplete","",""
"lib/data/propertyLandlords.ts","lib",".ts","3361","98","true","false","1","1","hasPropertyLandlord;getPropertyLandlordContactId;getLandlordForContract;setPropertyLandlord;getPropertyIdsForLandlord","localStorage","no-store"
"lib/data/publicContractAccessClient.ts","lib",".ts","5230","146","true","false","3","3","PublicContractBundle;fetchPublicContractBundle;patchPublicContractAccess;PublicContractContactSaveResult;persistPublicContractContact;persistPublicDocumentUpload","","no-store"
"lib/data/reportSchedules.ts","lib",".ts","2859","92","true","false","1","1","ReportScheduleFrequency;ReportSchedule;REPORT_SCHEDULES_EVENT;hydrateReportSchedulesFromServer;listReportSchedules;upsertReportSchedule;deleteReportSchedule;markScheduleRun","localStorage","no-store"
"lib/data/serialHistory.ts","lib",".ts","2139","69","true","false","0","0","SerialHistoryEntity;SerialHistoryEntry;serialHistory;searchSerialHistory","",""
"lib/data/siteContent.ts","lib",".ts","23749","380","true","false","0","0","SiteSection;SiteContentStore;siteContent;SITE_CONTENT_EVENT;hydrateSiteContentFromServer;getSiteContent;updateSiteSection;resetSiteContent;replaceSiteContent;patchSiteContent;SiteSectionItem;sitePagesForAdmin;siteSectionsForAdmin;getSectionValue","","no-store"
"lib/data/siteSettings.ts","lib",".ts","3789","115","true","false","0","0","PageId;PagesVisibility;getPagesVisibility;isPageEnabled;setPageEnabled;togglePageEnabled;PAGE_LABELS","localStorage","no-store"
"lib/data/users.ts","lib",".ts","579","10","true","false","0","0","users","",""
"lib/documentUploadLink.ts","lib",".ts","2113","46","true","false","0","0","getDocumentUploadLink;getDocumentLinkMessage;openWhatsAppWithMessage;openEmailWithMessage","",""
"lib/encryption/index.ts","lib",".ts","7335","163","true","false","2","1","EncryptionError;DecryptionError;encrypt;decrypt;hashSearch;createChecksum;EncryptedField;encryptField;decryptField;matchFieldHash;getActiveKey;createNewKey;rotateKey","Prisma",""
"lib/env/databaseUrl.ts","lib",".ts","6403","178","true","false","0","0","appendSslModeRequireForRemoteHosts;getDatabaseUrlForRuntime;getDatabaseUrlForPrismaMigrate;getDatabaseUrlForPrismaCli","",""
"lib/featurePermissions.ts","lib",".ts","11293","68","true","false","0","0","FeaturePermission;FEATURE_PERMISSIONS;PLAN_FEATURES;PLAN_COLORS;DEFAULT_PLANS_FOR_ADMIN","",""
"lib/hooks/useAdminAddressBookContacts.ts","lib",".ts","8756","221","true","true","5","3","useAdminAddressBookContacts","","no-store"
"lib/hooks/useDraftState.ts","lib",".ts","2066","62","true","true","2","1","useDraftState","",""
"lib/hooks/useDrafts.ts","lib",".ts","952","28","true","true","2","1","useDrafts","",""
"lib/hooks/useServerAddressBookContacts.ts","lib",".ts","2693","87","true","true","4","3","filterContactsForSearch;useServerAddressBookContacts","localStorage",""
"lib/icons.ts","lib",".ts","6884","55","true","false","0","0","icons;IconName","",""
"lib/identity/issuer.ts","lib",".ts","65","2","true","false","0","0","DEFAULT_IDENTITY_ISSUER","",""
"lib/impersonate.ts","lib",".ts","1556","42","true","false","2","1","createImpersonateToken;verifyImpersonateToken","",""
"lib/logger.ts","lib",".ts","7924","261","true","false","0","0","logger;log","localStorage","console.log;console.error"
"lib/logoDataUri.ts","lib",".ts","3701","4","true","false","0","0","LOGO_DATA_URI","",""
"lib/pagination.ts","lib",".ts","874","35","true","false","0","0","PaginationParams;PaginationResult;getPagination;createPaginationResult","",""
"lib/payment/accounting-link.ts","lib",".ts","12446","368","true","false","4","3","PaymentAccountingData;AccountingResult;ensureAccountsExist;recordPayment;recordRefund;getPaymentsSummary","Prisma","console.error"
"lib/payment/cmi.ts","lib",".ts","5248","165","true","false","0","0","createPaymentSession;createPaymentForm;verifyPayment;healthCheck","","Math.random"
"lib/payment/credentials.ts","lib",".ts","6392","214","true","false","3","2","ResolvedGatewayConfig;setRuntimeGatewayConfig;clearRuntimeGatewayConfig;getRuntimeGatewayConfig;getGatewayField;resolveGatewayConfig;isGatewayActive;hasGatewayCredentials;isMaskedSecret","Prisma",""
"lib/payment/hyperpay.ts","lib",".ts","5453","184","true","false","0","0","createPaymentSession;getWidgetUrl;verifyPayment;refundPayment;healthCheck","","Math.random"
"lib/payment/legacy-accounting-sync.ts","lib",".ts","2902","91","true","false","2","2","syncPaymentToLegacyAccounting","LegacyKv","console.error"
"lib/payment/manager.ts","lib",".ts","17449","541","true","false","12","12","PaymentProvider;ALL_PROVIDERS;ProviderInfo;PaymentSession;PaymentVerification;CreateSessionParams;isValidProvider;isProviderActive;getEnabledCount;getEnabledProviders;getAllProviders;getGulfProviders;getOmanProviders;createPayment;verifyPayment;healthCheckAll;healthCheckProvider;hasEnabledProviders;getDefaultProvider;GatewayProvider","","console.error"
"lib/payment/myfatoorah.ts","lib",".ts","5037","189","true","false","0","0","createPaymentSession;verifyPayment;healthCheck","","Math.random"
"lib/payment/network-intl.ts","lib",".ts","5290","194","true","false","0","0","createPaymentSession;verifyPayment;refundPayment;healthCheck","","Math.random"
"lib/payment/payfort.ts","lib",".ts","6355","194","true","false","0","0","createPaymentSession;createPaymentForm;verifyPayment;healthCheck","","Math.random"
"lib/payment/paypal.ts","lib",".ts","5403","191","true","false","0","0","createPaymentSession;verifyPayment;refundPayment;healthCheck","","Math.random"
"lib/payment/paytabs.ts","lib",".ts","5300","193","true","false","0","0","createPaymentSession;verifyPayment;refundPayment;healthCheck","","Math.random"
"lib/payment/stripe.ts","lib",".ts","3835","135","true","false","2","1","createPaymentSession;verifyPayment;createCustomer;refundPayment;healthCheck","","Math.random"
"lib/payment/tap.ts","lib",".ts","5423","213","true","false","0","0","createPaymentSession;verifyPayment;refundPayment;createCustomer;healthCheck","","Math.random"
"lib/payment/telr.ts","lib",".ts","4989","162","true","false","0","0","createPaymentSession;verifyPayment;cancelOrder;healthCheck","","Math.random"
"lib/payment/thawani.ts","lib",".ts","3688","123","true","false","1","1","createPaymentSession;verifyPayment;generatePaymentLink;healthCheck","","Math.random"
"lib/portal/contractsForUser.ts","lib",".ts","2353","76","true","false","1","1","normalizePortalEmail;findContractsForTenantUser;findContractsForOwnerProperties","Prisma",""
"lib/prisma.ts","lib",".ts","1705","46","true","false","6","4","prisma;AppPrismaClient;AppPrismaTransaction","LegacyKv",""
"lib/propertyDescriptionGenerator.ts","lib",".ts","14826","303","true","false","2","2","generatePropertyDescription","",""
"lib/propertyIcons.ts","lib",".ts","10059","89","true","false","0","0","SPEC_ICONS;FEATURE_ICONS;NEARBY_ICONS;getFeatureIcon;getNearbyIcon;getSpecIcon","",""
"lib/propertyOptions.ts","lib",".ts","5650","115","true","false","0","0","ROOM_COUNT_OPTIONS;BATHROOM_COUNT_OPTIONS;FURNISHED_OPTIONS;FLOOR_COUNT_OPTIONS;BUILDING_AGE_OPTIONS;ADVERTISER_OPTIONS;MAIN_FEATURES;ADDITIONAL_FEATURES;NEARBY_LOCATIONS;FACING_OPTIONS","",""
"lib/rate-limit.ts","lib",".ts","2144","53","true","false","4","2","getLimiter;checkRateLimit;rateLimitRequest","",""
"lib/real-estate/buildOperationsUnits.ts","lib",".ts","9813","287","true","false","4","4","buildOperationsUnitsFromKv;OPERATIONS_UNITS_KV_KEYS","LegacyKv",""
"lib/real-estate/buildReservationsList.ts","lib",".ts","3791","139","true","false","2","2","ReservationListRow;ReservationsTableFilters;ReservationsSortKey;ReservationsSortState;buildReservationsListFromKv;filterReservationsRows;sortReservationsRows","",""
"lib/real-estate/buildSavedContractsList.ts","lib",".ts","6969","208","true","false","5","5","buildSavedContractsListFromKv;SAVED_CONTRACTS_KV_KEYS","LegacyKv",""
"lib/real-estate/contractDocuments.ts","lib",".ts","3709","103","true","false","0","0","ContractDocumentCategory;ContractDocumentItem;CONTRACT_DOCUMENT_SLOTS;documentsFromPayload;documentsToPayloadBundle;mergeDocumentsIntoPayload;upsertDocument","",""
"lib/real-estate/contractLifecycle.ts","lib",".ts","6792","189","true","false","2","2","ContractLifecycleKey;getContractLifecycleLabel;getContractLifecycleStateRank;getContractLifecycleStateKey;getStatusToken;getStatusLabel;contractPayloadToUnitRow","",""
"lib/real-estate/contractOfficialPrint.ts","lib",".ts","12036","272","true","false","7","7","openContractOfficialPrintWindow","","document.write"
"lib/real-estate/contractSummaryPrint.ts","lib",".ts","6447","149","true","false","5","5","openContractSummaryPrintWindow","","document.write"
"lib/real-estate/contractVat.ts","lib",".ts","2135","54","true","false","1","1","CONTRACT_VAT_RATE;isVatChequesEnabled;estimateVatTotal;buildVatChequeSchedule;buildPaymentSchedule","",""
"lib/real-estate/contractsListPrint.ts","lib",".ts","4353","102","true","false","4","4","openContractsListPrintWindow","","document.write"
"lib/real-estate/contractsTableFilters.ts","lib",".ts","3171","101","true","false","4","4","filterContractsRows;sortContractsRows","",""
"lib/real-estate/dashboardCalendar.ts","lib",".ts","9847","290","true","false","3","3","CalendarEventKind;DashboardCalendarEvent;collectDashboardCalendarEvents;CALENDAR_KV_KEYS","LegacyKv",""
"lib/real-estate/dashboardKvKeys.ts","lib",".ts","485","17","true","false","0","0","BHD_DASH_KV_KEYS;LegacyKvStringMap","LegacyKv",""
"lib/real-estate/dashboardStats.ts","lib",".ts","5378","157","true","false","1","1","RealEstateDashboardStats;computeRealEstateDashboardStats;formatOmr","LegacyKv",""
"lib/real-estate/expiryReportPrint.ts","lib",".ts","5404","129","true","false","3","3","openExpiryUnitsPrintWindow;getExpiringUnitsForReport","","document.write"
"lib/real-estate/extraAdjustments.ts","lib",".ts","819","20","true","false","0","0","computeExtraAdjustmentLineTotal","",""
"lib/real-estate/kvParse.ts","lib",".ts","1351","42","true","false","0","0","toStr;parseJson;daysUntil;normalizeUnit;normalizeBuildingKey;unitRowKey;compareSmart","",""
"lib/real-estate/legacyUnitLinks.ts","lib",".ts","1189","41","true","false","0","0","LegacyUnitAction;buildLegacyUnitActionUrl;buildLegacyReservationsUrl;buildLegacyBatchRenewUrl","",""
"lib/real-estate/municipalFormPrint.ts","lib",".ts","6006","126","true","false","5","5","openMunicipalFormPrintWindow","","document.write"
"lib/real-estate/operationsUnit.ts","lib",".ts","2138","95","true","false","1","1","ManagedUnitKvRow;OperationsUnitRow;UnitStatusToken;UnitsTableFilters;UnitsSortKey;UnitsSortState;ContractPayload;SavedContractEntry;TenancyDraftEntry","",""
"lib/real-estate/reservationsListPrint.ts","lib",".ts","7206","177","true","false","3","3","openReservationsListPrintWindow;openReservationFormPrintWindow","","document.write"
"lib/real-estate/reservationsParse.ts","lib",".ts","3540","111","true","false","1","1","ReservationUnitEntry;ReservationRecord;flattenReservations;getReservationUnitsList;formatReservationUnitsLabel;reservationStateLabel","",""
"lib/real-estate/savedContractListRow.ts","lib",".ts","2052","78","true","false","2","2","SavedContractListRow;ContractsTableFilters;ContractsSortKey;ContractsSortState;savedContractToOperationsUnit","",""
"lib/real-estate/unitContractWorkspace.ts","lib",".ts","14051","359","true","false","5","5","ContractWorkspaceMode;UnitContractFormValues;UnitContractWorkspace;proposeRenewalPeriod;buildUnitContractWorkspace;formValuesToContractPayload;UNIT_CONTRACT_KV_KEYS","LegacyKv",""
"lib/real-estate/unitDetailExtras.ts","lib",".ts","4990","113","true","false","2","2","UnitDetailExtras;resolveUnitDetailExtras;UNIT_DETAIL_KV_KEYS","LegacyKv",""
"lib/real-estate/unitLedger.ts","lib",".ts","21594","614","true","false","3","3","UnitLedgerEvent;UNIT_LEDGER_KV_KEYS;gatherUnitLedgerFromKv;ledgerStatusKind","LegacyKv",""
"lib/real-estate/unitLedgerPrint.ts","lib",".ts","5523","123","true","false","4","4","openUnitLedgerPrintWindow","","document.write"
"lib/real-estate/unitsTableFilters.ts","lib",".ts","3482","92","true","false","3","3","filterUnitsRows;sortUnitsRows;paginateUnitsRows","",""
"lib/security.ts","lib",".ts","12433","349","true","false","1","0","SECURITY_CONFIG;EncryptionError;DecryptionError;loginTracker;validatePasswordStrength;generateCSRFToken;createSessionFingerprint;encryptSensitiveData;decryptSensitiveData;SecurityEventType;SecurityEvent;auditSecurityEvent;cleanupSecurityData;startSecurityCleanup;sanitizeInput;generateSecureToken;hashData;timingSafeCompare;validateIPAddress;isSuspiciousUserAgent","localStorage","console.log"
"lib/serial.ts","lib",".ts","2867","92","true","false","0","0","PropertyType;ProjectStatus;UserRole;getSerialCounterKey;formatSerialNumber;getPropertyTypeCode;getProjectStatusCode;getUserRoleCode","",""
"lib/server/addressBookContactFiles.ts","lib",".ts","12184","360","true","false","5","3","ADDRESS_BOOK_FILE_SERVE_PREFIX;addressBookFileServeUrl;fileRefFromRow;uploadAddressBookContactFile;persistLegacyAttachmentToContactFile;loadContactAttachmentsFromDb;loadContactAttachmentsFromContactData;linkAddressBookFilesToContact;mergeContactAttachmentsForContact;persistContactAttachmentsFromLegacyEntry;legacyAttachmentRefFromFileRef;applyContactAttachmentsToLegacyEntry","Prisma;VercelBlob","Math.random"
"lib/server/addressBookContactUpsert.ts","lib",".ts","2477","71","true","false","3","2","upsertAddressBookContactFallback","Prisma",""
"lib/server/addressBookCrypto.ts","lib",".ts","1742","53","true","false","2","1","ADDR_ENC_KEY;isEncryptedAddressBookData;serializeAddressBookContactData;parseAddressBookContactData;decryptAddressBookRow","",""
"lib/server/addressBookDbCompat.ts","lib",".ts","3593","103","true","false","1","0","AddressBookDbClient;AddressBookContactRow;applyAddressBookLinkedUserIdColumn;findManyAddressBookContactsOrHeal;withAddressBookSchemaHeal","",""
"lib/server/addressBookDedupe.ts","lib",".ts","2069","51","true","false","2","2","AddressBookRowMinimal;getDuplicateDropContactIdsFromDbRows;deleteOtherAddressBookRowsForUser;deleteOtherPersonalRowsSamePhone","Prisma",""
"lib/server/addressBookIdentity.ts","lib",".ts","1976","58","true","false","1","1","IdentityConflictCode;IdentityCheckResult;assertAddressBookIdentityUnique","Prisma",""
"lib/server/addressBookPrint.ts","lib",".ts","8082","154","true","false","2","2","buildAddressBookContactPrintHtml","",""
"lib/server/adminAccess.ts","lib",".ts","745","17","true","false","3","1","requireAdminForDiagnostics","",""
"lib/server/adminDataAccess.ts","lib",".ts","690","20","true","false","3","1","requireAdminDataToken","",""
"lib/server/adminDataPin.ts","lib",".ts","4999","148","true","false","2","1","APP_SETTING_ADMIN_DATA_PIN_KEY;AdminDataPinConfigError;canSeedAdminDataPinFromEnv;getAdminDataPinStatus;ensureAdminDataPinReady;seedDefaultAdminDataPinFromEnv;seedDefaultAdminDataPinAbdul;isAdminDataPinConfigured;verifyAdminDataPin;changeAdminDataPin;mapAdminDataPinError","Prisma;AppSetting",""
"lib/server/adminTotp.ts","lib",".ts","2806","82","true","false","3","2","isAdminRole;isTotpEnabled;requiresAdminTotp;generateTotpSecret;buildTotpUri;verifyTotpCode;savePendingTotpSecret;getTotpSecret;enableTotp;verifyUserTotp;disableTotp","Prisma;AppSetting",""
"lib/server/applyUserIdentityToContactJson.ts","lib",".ts","1312","38","true","false","1","1","applyUserIdentityToContactJson","",""
"lib/server/authSecret.ts","lib",".ts","369","10","true","false","0","0","getAuthSecret","",""
"lib/server/bearerAuth.ts","lib",".ts","440","11","true","false","1","1","verifyBearerSecret","",""
"lib/server/bhdOidcUser.ts","lib",".ts","1672","49","true","false","3","3","upsertOfficeUserFromIdentity","Prisma",""
"lib/server/bookingCheckStorageDenorm.ts","lib",".ts","828","19","true","false","0","0","BookingCheckStorageDenorm;extractBookingCheckStorageDenorm","",""
"lib/server/bookingChecksServer.ts","lib",".ts","979","30","true","false","2","2","getChecksForBookingFromDb;saveChecksForBookingToDb;listAllBookingChecksFromDb;saveAllBookingChecksToDb","",""
"lib/server/bookingContractGate.ts","lib",".ts","1242","39","true","false","1","1","bookingHasAccountantConfirmation;assertAccountantConfirmedForContract;parseBookingStorageRow","",""
"lib/server/bookingDocumentStorageDenorm.ts","lib",".ts","1123","27","true","false","0","0","BookingDocumentStorageDenorm;extractBookingDocumentStorageDenorm","",""
"lib/server/bookingDocumentsServer.ts","lib",".ts","4625","141","true","false","4","4","loadAllBookingDocuments;saveAllBookingDocuments;getDocumentsForBookingFromDb;findBookingForPublicUpload;applyPublicDocumentUpload;applyPublicDocumentReplace","",""
"lib/server/bookingDuplicateCheck.ts","lib",".ts","3142","85","true","false","0","0","parseBookingJson;findConflictingActiveBooking","",""
"lib/server/bookingStorageCrypto.ts","lib",".ts","877","30","true","false","1","1","serializeBookingStorageData;deserializeBookingStorageRaw;isEncryptedBookingStorage","",""
"lib/server/bookingStorageDenorm.ts","lib",".ts","951","21","true","false","0","0","BookingStorageDenorm;extractBookingStorageDenorm","",""
"lib/server/clientIp.ts","lib",".ts","489","15","true","false","1","0","getClientIp","",""
"lib/server/completePendingPayment.ts","lib",".ts","2587","82","true","false","3","3","CompletePaymentResult;completePendingPayment","",""
"lib/server/contractLifecycle.ts","lib",".ts","24455","643","true","false","1","1","ContractLifecycleStatus;enrichPayloadDepositFromAccounting;resolveCanonicalContractLifecycleStatus;ContractStatusMaps;ReconcileContractsResult;invalidateContractLifecycleCache;loadCanonicalContractStatusesFromNeon;reconcileSavedContractsLifecycle","Prisma;LegacyKv",""
"lib/server/contractStorageCrypto.ts","lib",".ts","880","30","true","false","1","1","serializeContractStorageData;deserializeContractStorageRaw;isEncryptedContractStorage","",""
"lib/server/contractStorageDenorm.ts","lib",".ts","1117","26","true","false","0","0","ContractStorageDenorm;extractContractStorageDenorm","",""
"lib/server/dataBackupSnapshot.ts","lib",".ts","11689","307","true","false","3","2","SNAPSHOT_VERSION;DatabaseSnapshotV2;executeWipeAllForRestore;exportDatabaseSnapshot;importDatabaseSnapshot","Prisma;AppSetting",""
"lib/server/dataResetKeepProperties.ts","lib",".ts","6100","150","true","false","4","3","DEFAULT_PLANS;ResetKeepPropertiesResult;executeResetKeepProperties;seedPlansOnly","Prisma;AppSetting","console.error"
"lib/server/documentAccessToken.ts","lib",".ts","1707","43","true","false","2","1","createDocumentServeToken;verifyDocumentServeToken;documentServeUrl","",""
"lib/server/ensureAddressBookForUser.ts","lib",".ts","12070","305","true","false","7","5","EnsureAddressBookUserInput;ensureAddressBookContactForUser","Prisma","console.error"
"lib/server/ensureEntitySerials.ts","lib",".ts","1196","40","true","false","2","2","ensurePropertySerialNumber;ensureProjectSerialNumber","Prisma",""
"lib/server/envValidation.ts","lib",".ts","781","21","true","false","0","0","requireProductionSecret;getCronSecret;getThawaniWebhookSecret;isProduction","",""
"lib/server/httpCacheHeaders.ts","lib",".ts","2565","52","true","false","0","0","HTTP_CACHE_VARY_AUTH;httpCachePrivate;CACHE_BOOKINGS_GET;CACHE_CONTRACTS_LIST_GET;CACHE_ADDRESS_BOOK_GET;CACHE_ADMIN_PROPERTIES_GET;CACHE_ME_NOTIFICATIONS_GET;CACHE_LINKED_CONTACT_GET;CACHE_ACCOUNTING_DOCUMENTS_GET;CACHE_ACCOUNTING_JOURNAL_GET;CACHE_ACCOUNTING_ACCOUNTS_GET;CACHE_ME_ACCOUNTING_DOCS_GET;CACHE_ADMIN_SUBSCRIPTIONS_GET;CACHE_PLANS_PUBLIC_GET;CACHE_ADMIN_PLANS_GET;CACHE_SUBSCRIPTION_ME_GET","",""
"lib/server/importAddressBookCsv.ts","lib",".ts","3586","119","true","false","6","6","importAddressBookCsvServer","Prisma","Math.random"
"lib/server/legacyBookingSettingsCleanup.ts","lib",".ts","5276","139","true","false","5","5","LEGACY_BOOKING_DOCUMENTS_KEY;LEGACY_BOOKING_CHECKS_KEY;PURGE_LEGACY_BOOKING_SETTINGS_CONFIRM;LegacyBookingSettingsStatus;getLegacyBookingSettingsStatus;runFullLegacyBookingSettingsBackfill;verifyLegacyBookingSettingsFullyMigrated;purgeLegacyBookingSettingsKeys","Prisma;AppSetting",""
"lib/server/legacyBridge.ts","lib",".ts","61908","1503","true","false","9","8","BHD_SITE_SSO_PASSWORD;LEGACY_PERMISSION_KEYS;LegacyPermissionKey;LegacyBridgeUser;LegacyBridgeAddressEntry;LegacyBridgePayload;mapSiteUserToLegacyUser;mapSiteContactToLegacyEntry;mapLegacyAddressEntryToContact;syncLegacyAddressEntryToDatabase;getContactWithAttachmentsForLegacy;LegacyAddressBookWipeScope;wipeSiteAddressBookFromLegacy;buildLegacyBridgeMinimalPayload;buildLegacyBridgePayload;resolveLegacyBridgeLocale;injectLegacySiteBridgeScript","Prisma;localStorage;LegacyKv","document.write;innerHTML="
"lib/server/legacyKvApiAuth.ts","lib",".ts","640","16","true","false","3","2","requireLegacyKvApiAccess","LegacyKv",""
"lib/server/legacyKvCrypto.ts","lib",".ts","838","30","true","false","1","1","serializeLegacyKvData;deserializeLegacyKvData;isEncryptedLegacyKvData","LegacyKv",""
"lib/server/legacyKvKeys.ts","lib",".ts","3836","112","true","false","0","0","LEGACY_KV_CONTRACT_KEYS;LEGACY_KV_PROPERTY_KEYS;LEGACY_KV_ATTACHMENT_KEYS;LEGACY_KV_SYSTEM_KEYS;LEGACY_KV_ALL_KEYS;LegacyKvKey;LegacyKvCategory;isLegacyKvKey;legacyKvCategory;LEGACY_KV_KEEP_ON_FULL_WIPE;LEGACY_KV_WIPE_GUARD_KEY;isLegacyKvKeepOnFullWipe;LEGACY_KV_SITE_AUTHORITATIVE_KEYS","localStorage;LegacyKv",""
"lib/server/legacyKvMerge.ts","lib",".ts","18253","482","true","false","1","1","LEGACY_KV_MERGE_ON_PUT_KEYS;mergeContractPayloads;mergeAccountingRegistryJson;mergeLegacyKvOnPut","LegacyKv",""
"lib/server/legacyKvStore.ts","lib",".ts","8794","263","true","false","6","6","LegacyKvBulkPayload;LegacyKvPullResult;invalidateLegacyKvBulkCache;getLegacyKvBulk;PutLegacyKvBulkOptions;putLegacyKvBulk;clearLegacyKvKeys;wipeLegacyKvExcept;seedLegacyKvIfMissing","Prisma;LegacyKv",""
"lib/server/legacyKvSubstantive.ts","lib",".ts","1684","43","true","false","0","0","legacyKvHasSubstantiveUserData","LegacyKv",""
"lib/server/legacyOperationalRepair.ts","lib",".ts","14562","411","true","false","2","2","LegacyOperationalRepairOptions;LegacyOperationalRepairReport;contractPayloadToManagedUnitRow;isStaleCompletedRenewalDraft;enrichSavedContractsMapDeposits;cleanStaleRenewalDrafts;reconcileManagedUnitsFromSavedContracts;operationalRepairNeedsChanges;repairLegacyOperationalKv","Prisma;LegacyKv",""
"lib/server/legacyRealEstateFiles.ts","lib",".ts","5921","153","true","false","4","1","resolveLegacyRealEstatePath;resolveLegacyMainHtmlSegments;contentTypeForLegacyFile;etagForLegacyBuffer;LegacyFileReadResult;readLegacyRealEstateFileWithMeta;readLegacyRealEstateFile;readLegacyRealEstateHtmlWithBridge;injectLegacyShellAssetVersions","",""
"lib/server/legacyStoredFiles.ts","lib",".ts","9697","303","true","false","3","1","LEGACY_FILE_SERVE_PREFIX;LEGACY_FILE_SERVE_PREFIXES;LegacyStoredFileRef;legacyFileServeUrl;fileRefFromLegacyStoredRow;legacyAttachmentAlreadyOnServer;extractDataUrlFromLegacyAttachment;dataUrlToBuffer;uploadLegacyStoredFile;legacyAttachmentRefFromFileRef;persistLegacyAttachmentToStoredFile;extractInlineBlobsFromJsonValue;extractLegacyKvInlineBlobs;deleteLegacyStoredFilesForContexts","Prisma;LegacyKv;VercelBlob","Math.random"
"lib/server/loginLockoutStore.ts","lib",".ts","2607","76","true","false","2","2","LoginAttemptResult;recordLoginAttemptRedis;clearLoginAttemptsRedis;recordLoginAttempt;clearLoginAttempts","","console.error"
"lib/server/mergeAddressBookDuplicates.ts","lib",".ts","2632","69","true","false","4","4","getAddressBookDuplicateSummary;mergeAllAddressBookDuplicatesServer","Prisma",""
"lib/server/migrateSerialsToBhd.ts","lib",".ts","14238","406","true","false","2","2","MigrateSerialsToBhdResult;runMigrateSerialsToBhd","Prisma",""
"lib/server/namePartsFromFullName.ts","lib",".ts","2243","56","true","false","0","0","NamePartsFromFullName;splitFullNameToParts;applySplitFullNameToContactJson","",""
"lib/server/notifications.ts","lib",".ts","8412","238","true","false","4","3","NotificationRow;syncNotificationsFromBookings;listUserNotifications;markNotificationRead;markAllNotificationsRead;notifyMaintenanceStatusChange","Prisma",""
"lib/server/pagination.ts","lib",".ts","1276","37","true","false","0","0","PaginationParams;parsePaginationParams;paginationResponseHeaders;slicePage","",""
"lib/server/paymentGateway.ts","lib",".ts","7604","227","true","false","0","0","PaymentProvider;PaymentInitInput;PaymentInitSuccess;PaymentInitFailure;PaymentInitResult;PaymentGatewayCheck;getPaymentGatewayStatus;initiateBookingPayment;verifyThawaniSessionPaid","","no-store;Math.random"
"lib/server/persistBooking.ts","lib",".ts","3360","73","true","false","6","6","PersistBookingResult;persistBookingPayload","Prisma","console.error"
"lib/server/piiField.ts","lib",".ts","2551","78","true","false","2","2","encryptPiiField;decryptPiiField;isEncryptedPii;encryptAtRest;decryptAtRest;encryptContactSubmissionFields;decryptContactSubmissionFields","",""
"lib/server/prismaAddressBookExtension.ts","lib",".ts","2764","81","true","false","2","1","addressBookCryptoExtension;serializeAddressBookForRawSql;parseAddressBookFromRawSql","",""
"lib/server/prismaLegacyKvExtension.ts","lib",".ts","2316","72","true","false","2","1","legacyKvCryptoExtension","LegacyKv",""
"lib/server/prismaUserPhoneExtension.ts","lib",".ts","3148","93","true","false","3","2","userPhoneCryptoExtension;findUserByPhone;isPhoneTakenByOther","Prisma",""
"lib/server/publicContractAccess.ts","lib",".ts","11083","296","true","false","9","9","normalizePublicPhone;normalizePublicCivilId;findBookingsForPublicContractAccess;getPublicBookingReceipt;verifyPublicContractTenant;updatePublicContractBooking;getPublicContractBundle;syncPublicContractDocuments;savePublicContractChecks","Prisma",""
"lib/server/publicContractContactSync.ts","lib",".ts","6342","180","true","false","5","4","syncPublicContractContact","Prisma",""
"lib/server/repositories/appSettingsRepo.ts","lib",".ts","778","29","true","false","1","1","getJsonSetting;upsertJsonSetting;deleteJsonSetting","Prisma;AppSetting",""
"lib/server/repositories/bookingCheckStorageRepo.ts","lib",".ts","7914","240","true","false","5","5","BookingCheckListFilters;ChecksStoreEntry;parseBookingCheckStorageData;upsertBookingCheckStorageRow;listBookingCheckStorageRows;backfillBookingCheckStorageFromAppSettingBatch;backfillAllBookingCheckStorageFromLegacy;ensureBookingCheckStorageBackfilled;listAllBookingChecksEntriesFromDb;getChecksForBookingFromDb;saveChecksForBookingToDb;saveAllBookingChecksEntriesToDb","Prisma;AppSetting",""
"lib/server/repositories/bookingDocumentStorageRepo.ts","lib",".ts","6440","193","true","false","5","5","ParsedBookingDocumentRow;BookingDocumentListFilters;parseBookingDocumentStorageData;upsertBookingDocumentStorageRow;getBookingDocumentStorageById;listBookingDocumentStorageRows;backfillBookingDocumentStorageFromAppSettingBatch;backfillAllBookingDocumentStorageFromLegacy;ensureBookingDocumentStorageBackfilled;listBookingDocumentsFromDb;getBookingDocumentFromDb;saveBookingDocumentsToDb;upsertBookingDocumentToDb","Prisma;AppSetting",""
"lib/server/repositories/bookingStorageRepo.ts","lib",".ts","4656","139","true","false","4","4","ParsedBookingRow;BookingListFilters;parseBookingStorageData;backfillBookingStorageDenormBatch;listBookingStorageRows;findBookingStorageForPublicUpload","Prisma",""
"lib/server/repositories/contractStorageRepo.ts","lib",".ts","5228","151","true","false","5","5","ParsedContractRow;ContractListFilters;parseContractStorageData;upsertContractStorageRow;getContractStorageById;listContractStorageRows;backfillContractStorageFromBookingsBatch;contractFromBookingJson","Prisma",""
"lib/server/repositories/paymentPendingRepo.ts","lib",".ts","1124","41","true","false","1","1","savePaymentPending;getPaymentPending;markPaymentPendingStatus","Prisma",""
"lib/server/requestOrigin.ts","lib",".ts","855","28","true","false","1","0","isAllowedBrowserOrigin","",""
"lib/server/securityAudit.ts","lib",".ts","999","29","true","false","2","2","logSecurityEventServer","Prisma","console.error"
"lib/server/serialNumbers.ts","lib",".ts","1082","28","true","false","1","1","buildSerialCounterKey;formatBhdSerial;isValidBhdSerial;generateBhdSerial","Prisma",""
"lib/server/siteStats.ts","lib",".ts","1890","49","true","false","3","3","SiteStats;getSiteStats","Prisma","console.error"
"lib/server/syncAccountingFromContract.ts","lib",".ts","20136","515","true","false","2","2","AccountingRegistry;accountingUnitKey;ensureAccountingRegistry;syncAccountingFromContractPayload","","Math.random"
"lib/server/syncBookingsToAddressBook.ts","lib",".ts","5477","163","true","false","6","5","syncBookingsToAddressBookServer","Prisma;localStorage",""
"lib/server/syncContractBookingStorage.ts","lib",".ts","1311","38","true","false","4","4","syncContractIntoBookingStorage","Prisma",""
"lib/server/syncUserToAddressBook.ts","lib",".ts","8382","239","true","false","3","2","findAddressBookRowByUserId;syncLinkedAddressBookFromUserUpdate;assertUserSyncFromContactAllowed;syncUserTableFromAddressBookContact","Prisma","console.error"
"lib/server/unitContractActivate.ts","lib",".ts","9348","253","true","false","8","8","activateUnitContractToKv","LegacyKv",""
"lib/server/unitContractDraftWrite.ts","lib",".ts","3022","87","true","false","3","3","saveUnitContractDraftToKv","LegacyKv",""
"lib/server/upstashRateLimit.ts","lib",".ts","1410","48","true","false","2","1","checkUpstashRateLimit","","console.error"
"lib/server/upstashRedis.ts","lib",".ts","647","23","true","false","1","0","getUpstashRedis;isUpstashConfigured","UpstashRedis",""
"lib/server/userPhoneCrypto.ts","lib",".ts","2086","62","true","false","3","2","normalizeUserPhone;hashUserPhoneForLookup;encryptUserPhone;decryptUserPhone;isEncryptedUserPhone;prepareUserPhoneWrite;phoneHashFromRaw","",""
"lib/signatureRequests.ts","lib",".ts","1742","50","true","false","0","0","SignatureActorRole;SignatureRequestStatus;SignatureRequest;normalizeWhatsAppPhone;getWhatsAppUrl;generateSignatureToken;buildSignatureLink","","Math.random"
"lib/siteStatsConstants.ts","lib",".ts","313","10","true","false","0","0","MARKETING_STATS;MarketingStats","",""
"lib/storage/cloudBackup.ts","lib",".ts","8709","303","true","false","1","0","CloudBackupService;cloudBackup","localStorage","console.error"
"lib/subscriptionPlanToDashboard.ts","lib",".ts","2411","51","true","false","1","1","PLAN_PERMISSION_TO_SECTIONS;getSectionsAllowedByPlan","",""
"lib/subscriptionSystem.ts","lib",".ts","1442","56","true","false","0","0","SubscriptionPlanDisplay;UserSubscriptionDisplay;getYearlyPrice;formatPlanCurrency","",""
"lib/subscriptions/entitlements.ts","lib",".ts","1601","49","true","false","1","1","checkLimit","Prisma",""
"lib/utils/addressBookEvents.ts","lib",".ts","799","17","true","false","0","0","ADDRESS_BOOK_UPDATED_EVENT;ADDRESS_BOOK_REVISION_KEY;emitAddressBookUpdated","localStorage",""
"lib/utils/bookingPaymentCooldown.ts","lib",".ts","2224","79","true","false","0","0","bookingPaymentCooldownStorageKey;setBookingPaymentCooldown;clearBookingPaymentCooldown;getBookingPaymentCooldownRemainingMs","localStorage",""
"lib/utils/csvExport.ts","lib",".ts","705","17","true","false","0","0","downloadCsv","",""
"lib/utils/dateFormat.ts","lib",".ts","1381","36","true","false","0","0","normalizeDateForInput","",""
"lib/utils/draftStorage.ts","lib",".ts","2355","75","true","false","0","0","saveDraft;loadDraft;clearDraft;getDraftKeys;hasDrafts","localStorage",""
"lib/utils/invoiceImageOcr.ts","lib",".ts","746","27","true","true","0","0","extractTextFromInvoiceImage","",""
"lib/utils/jsonDownload.ts","lib",".ts","866","23","true","false","0","0","downloadJson;downloadXml","",""
"lib/utils/printMeAccountingDocument.ts","lib",".ts","2550","95","true","false","1","1","MeAccountingDocument;printMeAccountingDocument;fetchAndPrintMeAccountingDocument","","no-store"
"lib/utils/receiptPrint.ts","lib",".ts","7576","163","true","false","3","3","ReceiptRow;SimpleReceiptOptions;openReceiptPrintWindow","","document.write"
"lib/utils/requiredFields.ts","lib",".ts","1207","29","true","false","0","0","isEmpty;getRequiredFieldClass;showMissingFieldsAlert","",""
"lib/utils/serialNumber.ts","lib",".ts","1943","52","true","false","0","0","safeUserSerialForDisplay;isValidUserSerialLike;shortenUserSerial;shortenPropertySerial;shortenProjectSerial","",""
"lib/utils/surveyMapNumber.ts","lib",".ts","1259","34","true","false","0","0","formatSurveyMapNumber;getSurveyMapDigits;isSurveyMapComplete","",""
"messages/ar.json","messages",".json","29304","567","true","false","0","0","","",""
"messages/en.json","messages",".json","22854","567","true","false","0","0","","",""
"next.config.ts","(root)",".ts","4032","105","true","false","2","0","","",""
"package-lock.json","(root)",".json","362086","9998","true","false","1","0","","VercelBlob;UpstashRedis",""
"package.json","(root)",".json","4383","97","true","false","0","0","","VercelBlob;UpstashRedis",""
"playwright.config.ts","(root)",".ts","852","30","true","false","1","0","","",""
"postcss.config.mjs","(root)",".mjs","101","8","true","false","0","0","","",""
"prisma.config.ts","(root)",".ts","711","21","true","false","5","1","","",""
"prisma/migrations/20250706000000_add_archive_encryption_audit/migration.sql","prisma",".sql","4321","110","true","false","0","0","","",""
"prisma/migrations/20250709120000_add_user_phone_hash/migration.sql","prisma",".sql","290","7","true","false","0","0","","",""
"prisma/migrations/20260216101942_add_accounting/migration.sql","prisma",".sql","10949","333","true","false","0","0","","",""
"prisma/migrations/20260303000000_add_plan_subscription/migration.sql","prisma",".sql","4025","89","true","false","0","0","","",""
"prisma/migrations/20260329120000_add_address_book_linked_user_id/migration.sql","prisma",".sql","352","9","true","false","0","0","","",""
"prisma/migrations/20260402120000_accounting_document_contact_id_idx/migration.sql","prisma",".sql","220","3","true","false","0","0","","",""
"prisma/migrations/20260531120000_booking_document_storage/migration.sql","prisma",".sql","1565","41","true","false","0","0","","",""
"prisma/migrations/20260531130000_booking_check_storage/migration.sql","prisma",".sql","1399","36","true","false","0","0","","",""
"prisma/migrations/20260531140000_add_notifications/migration.sql","prisma",".sql","1062","32","true","false","0","0","","",""
"prisma/migrations/20260531150000_add_maintenance_requests/migration.sql","prisma",".sql","919","29","true","false","0","0","","",""
"prisma/migrations/20260531170000_phase5_maintenance_portal/migration.sql","prisma",".sql","236","6","true","false","0","0","","",""
"prisma/migrations/20260601140000_accounting_credit_debit_notes/migration.sql","prisma",".sql","481","8","true","false","0","0","","",""
"prisma/migrations/20260601160000_accounting_document_due_date/migration.sql","prisma",".sql","220","6","true","false","0","0","","",""
"prisma/migrations/20260601170000_accounting_journal_links/migration.sql","prisma",".sql","742","12","true","false","0","0","","",""
"prisma/migrations/20260624120000_address_book_contact_files/migration.sql","prisma",".sql","786","25","true","false","0","0","","",""
"prisma/migrations/20260624140000_legacy_app_kv_store/migration.sql","prisma",".sql","717","24","true","false","0","0","","",""
"prisma/migrations/20260624160000_legacy_stored_files/migration.sql","prisma",".sql","874","29","true","false","0","0","","",""
"prisma/migrations/20260720_payment_gateway_config/migration.sql","prisma",".sql","1342","39","true","false","0","0","","",""
"prisma/migrations/20260720_portal_tenant_owner_v2/migration.sql","prisma",".sql","6884","152","true","false","0","0","","",""
"prisma/migrations/20260819_user_bhd_sub/migration.sql","prisma",".sql","236","8","true","false","0","0","","",""
"prisma/migrations/migration_lock.toml","prisma",".toml","131","4","true","false","0","0","","",""
"prisma/reset-keep-properties.ts","prisma",".ts","1264","38","true","false","2","2","","Prisma","console.log;console.error"
"prisma/schema.prisma","prisma",".prisma","38820","1253","true","false","0","0","","localStorage;AppSetting",""
"prisma/seed.ts","prisma",".ts","3295","66","true","false","3","2","","Prisma;AppSetting","console.log;console.error"
"proxy.ts","(root)",".ts","3805","99","true","false","6","3","proxy;config","",""
"public/.well-known/security.txt","public",".txt","200","6","true","false","0","0","","",""
"public/LOGO_INSTRUCTIONS.md","public",".md","1416","29","true","false","0","0","","",""
"public/file.svg","public",".svg","391","0","true","false","0","0","","",""
"public/globe.svg","public",".svg","1035","0","true","false","0","0","","",""
"public/images/oman/fort-bg.jpg","public",".jpg","630687","0","true","false","0","0","","",""
"public/images/oman/grand-mosque.jpg","public",".jpg","140731","0","true","false","0","0","","",""
"public/images/oman/hero-bg.jpg","public",".jpg","518262","0","true","false","0","0","","",""
"public/images/oman/jabal-shams.jpg","public",".jpg","184568","0","true","false","0","0","","",""
"public/images/oman/muscat-corniche.jpg","public",".jpg","371117","0","true","false","0","0","","",""
"public/images/oman/oman-sea.jpg","public",".jpg","653955","0","true","false","0","0","","",""
"public/images/oman/salalah-khareef.jpg","public",".jpg","201333","0","true","false","0","0","","",""
"public/images/oman/wadi-shab.jpg","public",".jpg","316615","0","true","false","0","0","","",""
"public/logo-bhd-qr.png","public",".png","894312","0","true","false","0","0","","",""
"public/logo-bhd-qr.svg","public",".svg","1028","0","true","false","0","0","","",""
"public/logo-bhd.png","public",".png","2625","0","true","false","0","0","","",""
"public/logo-placeholder.md","public",".md","287","9","true","false","0","0","","",""
"public/next.svg","public",".svg","1375","0","true","false","0","0","","",""
"public/omr-symbol.png","public",".png","361856","0","true","false","0","0","","",""
"public/uploads/accounting/1771251029015-bvdv819.pdf","public",".pdf","211751","0","true","false","0","0","","",""
"public/uploads/booking-documents/1771419188999-ykilx1r.jpeg","public",".jpeg","225129","0","true","false","0","0","","",""
"public/uploads/booking-documents/1771419192213-lrelmvp.jpeg","public",".jpeg","79995","0","true","false","0","0","","",""
"public/uploads/booking-documents/1771420069841-qdxl6ty.jpg","public",".jpg","54059","0","true","false","0","0","","",""
"public/uploads/booking-documents/1771421603128-foh76yg.jpeg","public",".jpeg","182270","0","true","false","0","0","","",""
"public/uploads/booking-documents/1771421778419-p6oqtkr.jpg","public",".jpg","8297","0","true","false","0","0","","",""
"public/uploads/booking-documents/1771422245760-q1pzt61.jpeg","public",".jpeg","296809","0","true","false","0","0","","",""
"public/uploads/booking-documents/1771487213722-qtx8897.jpg","public",".jpg","54059","0","true","false","0","0","","",""
"public/uploads/booking-documents/1771487218531-cknedca.png","public",".png","361856","0","true","false","0","0","","",""
"public/uploads/booking-documents/1771489106477-whf9s50.pdf","public",".pdf","409089","0","true","false","0","0","","",""
"public/uploads/booking-documents/1771492515818-bt4bevj.jpeg","public",".jpeg","213660","0","true","false","0","0","","",""
"public/uploads/booking-documents/1771843481585-06e46ia.pdf","public",".pdf","242340","0","true","false","0","0","","",""
"public/uploads/booking-documents/1771843486094-r2aginc.pdf","public",".pdf","1766170","0","true","false","0","0","","",""
"public/uploads/booking-documents/1771843489374-zqtffda.jpeg","public",".jpeg","200842","0","true","false","0","0","","",""
"public/uploads/booking-documents/1771843492816-pd9cugb.jpeg","public",".jpeg","186565","0","true","false","0","0","","",""
"public/uploads/booking-documents/1771843496498-hbxc8yw.pdf","public",".pdf","209627","0","true","false","0","0","","",""
"public/uploads/booking-documents/1771843530295-tr2ctuq.pdf","public",".pdf","641980","0","true","false","0","0","","",""
"public/uploads/booking-documents/1771843533943-axkm2pf.webp","public",".webp","70806","0","true","false","0","0","","",""
"public/uploads/booking-documents/1771843541180-qcxi3w1.jpg","public",".jpg","418577","0","true","false","0","0","","",""
"public/uploads/booking-documents/1771845310941-3xgcbth.jpeg","public",".jpeg","186565","0","true","false","0","0","","",""
"public/uploads/booking-documents/1771845314908-8qmject.jpeg","public",".jpeg","182270","0","true","false","0","0","","",""
"public/uploads/booking-documents/1771845335236-3ld3xxc.jpeg","public",".jpeg","186565","0","true","false","0","0","","",""
"public/uploads/booking-documents/1771845337755-1iqj1nl.pdf","public",".pdf","90395","0","true","false","0","0","","",""
"public/uploads/booking-documents/1771845343769-gb5m4z0.png","public",".png","87417","0","true","false","0","0","","",""
"public/uploads/booking-documents/1771845348290-w4fjifk.jpeg","public",".jpeg","296809","0","true","false","0","0","","",""
"public/uploads/booking-documents/1771845353417-lpyff2j.jpg","public",".jpg","4994","0","true","false","0","0","","",""
"public/uploads/booking-documents/1771845357287-w7g348d.pdf","public",".pdf","72989","0","true","false","0","0","","",""
"public/uploads/booking-documents/1771845361374-o276iij.pdf","public",".pdf","216322","0","true","false","0","0","","",""
"public/uploads/booking-documents/1771845364641-r20dum3.pdf","public",".pdf","246450","0","true","false","0","0","","",""
"public/uploads/booking-documents/1771845368724-pndziko.pdf","public",".pdf","65315","0","true","false","0","0","","",""
"public/uploads/booking-documents/1771845373432-tui3cvk.pdf","public",".pdf","73355","0","true","false","0","0","","",""
"public/uploads/booking-documents/1771845377270-0894qqk.pdf","public",".pdf","181975","0","true","false","0","0","","",""
"public/uploads/booking-documents/1771845384672-y66b7nz.png","public",".png","403107","0","true","false","0","0","","",""
"public/uploads/booking-documents/1771845388511-481r1eu.jpeg","public",".jpeg","200842","0","true","false","0","0","","",""
"public/uploads/booking-documents/1771845392222-ioawlt0.pdf","public",".pdf","200555","0","true","false","0","0","","",""
"public/uploads/booking-documents/1771845420293-c1cezsx.pdf","public",".pdf","90395","0","true","false","0","0","","",""
"public/uploads/booking-documents/1771845425346-1yvql12.jpeg","public",".jpeg","200842","0","true","false","0","0","","",""
"public/uploads/company/1771304441220-fdjx8oc.png","public",".png","18920","0","true","false","0","0","","",""
"public/uploads/company/1771304450370-bvy3bn8.png","public",".png","91756","0","true","false","0","0","","",""
"public/uploads/properties/1771141888136-l8nnsri.jpeg","public",".jpeg","213660","0","true","false","0","0","","",""
"public/uploads/properties/1771157038605-cq7xiab.jpg","public",".jpg","8975","0","true","false","0","0","","",""
"public/uploads/properties/1771157057704-rjb635h.jpg","public",".jpg","110734","0","true","false","0","0","","",""
"public/uploads/properties/1771157076681-grw0pi0.webp","public",".webp","70806","0","true","false","0","0","","",""
"public/uploads/properties/1771157114585-8ohh9xv.jpg","public",".jpg","4994","0","true","false","0","0","","",""
"public/uploads/properties/1771157129697-2ukbzun.jpg","public",".jpg","8297","0","true","false","0","0","","",""
"public/uploads/properties/1771157148445-6zvz7lo.jpg","public",".jpg","54059","0","true","false","0","0","","",""
"public/uploads/properties/1771157178687-ahsyxne.jpg","public",".jpg","8975","0","true","false","0","0","","",""
"public/uploads/properties/1771157187783-11gj1vd.jpg","public",".jpg","110734","0","true","false","0","0","","",""
"public/uploads/properties/1771157336989-jep0np6.jpg","public",".jpg","8975","0","true","false","0","0","","",""
"public/uploads/properties/1771157342502-eclkwu0.jpg","public",".jpg","110734","0","true","false","0","0","","",""
"public/uploads/properties/1771157362581-htxkn8x.webp","public",".webp","70806","0","true","false","0","0","","",""
"public/uploads/properties/1771157440626-zs1pcsu.jpg","public",".jpg","4994","0","true","false","0","0","","",""
"public/uploads/properties/1771157447525-offdbgu.jpg","public",".jpg","54059","0","true","false","0","0","","",""
"public/uploads/properties/1771157452410-vlxypcm.jpg","public",".jpg","8297","0","true","false","0","0","","",""
"public/uploads/properties/1771157457625-f6z3ye9.jpg","public",".jpg","90750","0","true","false","0","0","","",""
"public/uploads/properties/1771158056389-8nfl62z.jpg","public",".jpg","8975","0","true","false","0","0","","",""
"public/uploads/properties/1771158081381-axnjmz8.webp","public",".webp","70806","0","true","false","0","0","","",""
"public/vercel.svg","public",".svg","128","0","true","false","0","0","","",""
"public/window.svg","public",".svg","385","0","true","false","0","0","","",""
"scripts/apply-kimi-update.ps1","scripts",".ps1","3168","77","true","false","0","0","","Prisma",""
"scripts/backfill-accounting-journal-links.ts","scripts",".ts","2096","74","true","false","1","1","","Prisma","console.log;console.error"
"scripts/backfill-address-book-encryption.ts","scripts",".ts","1758","64","true","false","3","2","","Prisma","console.log;console.error"
"scripts/backfill-booking-encryption.ts","scripts",".ts","1474","55","true","false","3","3","","Prisma","console.log;console.error"
"scripts/backfill-contact-pii-encryption.ts","scripts",".ts","2304","78","true","false","2","2","","Prisma","console.log;console.error"
"scripts/backfill-contract-encryption.ts","scripts",".ts","1498","55","true","false","3","3","","Prisma","console.log;console.error"
"scripts/backfill-legacy-booking-settings.ts","scripts",".ts","771","28","true","false","1","1","","AppSetting","console.log;console.error"
"scripts/backfill-legacy-kv-encryption.ts","scripts",".ts","1682","66","true","false","3","2","","Prisma;LegacyKv","console.log;console.error"
"scripts/backfill-user-phone-encryption.ts","scripts",".ts","2306","87","true","false","3","2","","Prisma","console.log;console.error"
"scripts/backup-all.ps1","scripts",".ps1","1657","43","true","false","0","0","","localStorage",""
"scripts/check-admin.ts","scripts",".ts","597","21","true","false","2","1","","Prisma","console.log;console.error"
"scripts/check-html-js.mjs","scripts",".mjs","968","32","true","false","1","0","","","console.log;console.error"
"scripts/debug-accounting-9040.ts","scripts",".ts","963","29","true","false","1","1","","Prisma","console.log;console.error"
"scripts/debug-cheques-9040.ts","scripts",".ts","887","23","true","false","1","1","","Prisma","console.log;console.error"
"scripts/debug-contract-activation.ts","scripts",".ts","1252","30","true","false","2","2","","Prisma","console.log;console.error"
"scripts/debug-contract-gaps.ts","scripts",".ts","2438","59","true","false","2","2","","Prisma","console.log;console.error"
"scripts/git-sync.ps1","scripts",".ps1","539","14","true","false","0","0","","",""
"scripts/inspect-contract-neon.ts","scripts",".ts","2075","47","true","false","2","2","","Prisma","console.log;console.error"
"scripts/inspect-legacy-contract-unit.ts","scripts",".ts","6822","206","true","false","1","1","","Prisma","console.log;console.error"
"scripts/inspect-neon-kv-sizes.ts","scripts",".ts","1177","41","true","false","1","1","","Prisma","console.log;console.error"
"scripts/legacy-split-sync.mjs","scripts",".mjs","2652","59","true","false","3","0","","","console.log"
"scripts/migrate-jwt-secret.mjs","scripts",".mjs","1732","45","true","false","5","1","","","console.log"
"scripts/migrate-serials-to-bhd.ts","scripts",".ts","1100","33","true","false","2","2","","Prisma","console.log;console.error"
"scripts/prisma-migrate-deploy.mjs","scripts",".mjs","1643","53","true","false","1","0","","","console.log;console.error"
"scripts/push-kimi-updates.ps1","scripts",".ps1","1102","27","true","false","0","0","","",""
"scripts/recover-address-book-from-kv.ts","scripts",".ts","3542","110","true","false","4","4","","Prisma;LegacyKv","console.log;console.error"
"scripts/repair-legacy-operational-kv.ts","scripts",".ts","2090","63","true","false","1","1","","Prisma","console.log;console.error"
"scripts/restart-dev.ps1","scripts",".ps1","579","15","true","false","0","0","","",""
"scripts/run-all-encryption-backfills.mjs","scripts",".mjs","724","25","true","false","1","0","","","console.log"
"scripts/security-audit.mjs","scripts",".mjs","1971","61","true","false","1","0","","","console.log;console.error"
"scripts/start-dev.ps1","scripts",".ps1","1051","27","true","false","0","0","","",""
"styles/admin-components.css","styles",".css","11116","469","true","false","0","0","","",""
"styles/admin.css","styles",".css","9691","464","true","false","0","0","","",""
"tests/e2e/accounting-hub.spec.ts","tests",".ts","2635","50","true","false","3","2","","",""
"tests/e2e/api-accounting-reports.spec.ts","tests",".ts","4516","108","true","false","2","1","","",""
"tests/e2e/api-address-book-auth.spec.ts","tests",".ts","9025","209","true","false","3","2","","",""
"tests/e2e/api-booking-guards.spec.ts","tests",".ts","12108","298","true","false","2","1","","",""
"tests/e2e/booking-happy-path.spec.ts","tests",".ts","11037","296","true","false","2","1","","",""
"tests/e2e/critical-flows.spec.ts","tests",".ts","8464","207","true","false","2","1","","localStorage;sessionStorage",""
"tests/e2e/helpers/auth.ts","tests",".ts","1735","45","true","false","1","0","E2ECredentials;SEED_ADMIN_CREDENTIALS;resolveE2EAdminCredentials;loginWithCredentials;buildE2EBookingIdentity;e2eBrowserHeaders","",""
"tests/e2e/perf-navigation.spec.ts","tests",".ts","1870","52","true","false","1","0","","","console.log"
"tests/e2e/public-pages.spec.ts","tests",".ts","1195","28","true","false","1","0","","",""
"tests/unit/accountingHubComposition.test.ts","tests",".ts","2714","69","true","false","7","5","","",""
"tests/unit/accountingHubRefactorComplete.test.ts","tests",".ts","2438","51","true","false","7","3","","",""
"tests/unit/arabicOcrNormalize.test.ts","tests",".ts","650","18","true","false","3","1","","",""
"tests/unit/bhdIdentityHelpers.test.ts","tests",".ts","1349","35","true","false","3","1","","",""
"tests/unit/buildAccountingHubPath.test.ts","tests",".ts","931","28","true","false","3","1","","",""
"tests/unit/formFactories.test.ts","tests",".ts","1691","50","true","false","3","1","","",""
"tests/unit/hubTabIds.test.ts","tests",".ts","1693","44","true","false","3","1","","",""
"tests/unit/invoiceOcrEngine.test.ts","tests",".ts","2618","82","true","false","4","2","","",""
"tests/unit/journalAccountSuggest.test.ts","tests",".ts","1232","27","true","false","4","2","","",""
"tests/unit/legacyKvMergeRenewal.test.ts","tests",".ts","3918","108","true","false","3","1","","LegacyKv",""
"tests/unit/legacyOperationalRepair.test.ts","tests",".ts","4946","166","true","false","3","1","","",""
"tests/unit/monthlyTrends.test.ts","tests",".ts","2103","65","true","false","4","2","","",""
"tests/unit/salesPurchasesModules.test.ts","tests",".ts","1143","34","true","false","3","1","","",""
"tools/build/config.ps1","tools",".ps1","1025","26","true","false","0","0","","",""
"tools/build/run-build.ps1","tools",".ps1","2437","64","true","false","0","0","","",""
"tsconfig.json","(root)",".json","756","43","true","false","0","0","","",""
"types/next-auth.d.ts","types",".ts","458","28","true","false","1","0","","",""
"vercel.json","(root)",".json","211","13","true","false","0","0","","",""
"افتح-الموقع.html","(root)",".html","1269","25","true","false","0","0","","",""
